jurisdiction,state,city,permit_number,permit_type,status,best_date,applied_date,issued_date,valuation,square_feet,address,zipcode,latitude,longitude,owner,applicant,contractor,dc_tier,dc_score,dc_operator,dc_role,dc_signals,description,source_id
Texas,TX,,25-10343,Remodeling of Existing Structure,,2026-02-17,,2026-02-17,120000000.0,,,75074,,,"ALIGNED DATA CENTERS (PLANO) PROPCO, LLC",,ALIGNED DATA CENTER (MEGAWATT),confirmed,123.0,Aligned Data Centers,other,data_center|operator:aligned data center|valuation>=100_000_000,,socrata:data.texas.gov:82ee-gbj5
Texas,TX,,25-05973,Finish Out,,2025-09-05,,2025-09-05,82000000.0,,,75024,,,DB DATA CENTER PLANO LLC,,DATABANK,confirmed,117.0,DataBank,other,data_center|operator:databank|valuation>=50_000_000,,socrata:data.texas.gov:82ee-gbj5
Texas,TX,,25-01805,New Construction,,2025-05-08,,2025-05-08,5000000.0,,,75074,,,"ALIGNED DATA CENTERS (PLANO) PROPCO, LLC",,ALIGNED DATA CENTER SUBSTATION,confirmed,117.0,Aligned Data Centers,new_build,data_center|operator:aligned data center|substation,,socrata:data.texas.gov:82ee-gbj5
Mesa,AZ,,PMT24-15428,Other Commercial,Issued,2025-12-03,,2025-12-03,1650.0,,3261 S HAWES RD,,33.354696,-111.652901,,Matthew McPherron,Wespac Construction,confirmed,115.0,EdgeConneX,power_infrastructure,data_center|operator:edgeconnex|generators,"THIS IS A USE PERMIT FOR A TEMPORARY CONSTRUCTION FIELD OFFICE FOR USE BY THE STAFF AND FOR ON-SITE MEETINGS. THE CONSTRUCTION TRAILER MUST BE PLACED ONLY ON THE PROPERTY THAT IS BEING DEVELOPED AND OUT OF ALL BUILDING SETBACKS. NO PUBLIC USE IS PERMITTED. THIS USE PERMIT SHALL BE NON-TRANSFERABLE FROM ONE OWNER OR LESSEE TO ANOTHER AND SHALL EXPIRE ON DECEMBER 31, OF EACH YEAR UNLESS EARLIER REVOKED. ESTIMATED TIME OF CONSTRUCTION TRAILER REMOVAL *12/31/2025.PERMIT INCLUDES TEMPORARY GENERATOR. REF - BUILDING PERMIT #: PMT23-19121, PMT23-19122, PMT24-11896, PMT24-13614. EDGECONNEX DATA CENTER FACILITY.",socrata:citydata.mesaaz.gov:2gkz-7z4f
Mesa,AZ,,PMT24-20204,Tenant Improvement (Interior Only),Issued,2025-06-09,,2025-06-09,569495023.35,853623.0,3856 S EVERTON TERR,,33.344193,-111.618781,,Hunter West,HOLDER CONSTRUCTION GROUP LLC,confirmed,110.5,,expansion,data_center|data_hall|valuation>=250_000_000|sqft>=500_000,"Tenant improvement in existing 868,431sf 3-story addition for a data center., IB construction, B/ S-1/ S-2 Occupancy. First, second, and third floor build out and installation of electrical, mechanical, and plumbing equipment. Special inspection for fire caulking and emergency responder radio coverage. Deferred fire sprinklers and fire alarms. • 1st floor buildout includes support spaces, and 2 data hall • 2nd floor buildout includes storage, office, support spaces, and a data hall • 3rd floor buildout includes support spaces and a data hall • Install of electrical mechanical and plumbing equip Special inspection req. - Steel, concrete, soils, deep foundations, spray fire resistance material, Mastic & intumescent coating, smoke control. REF: PMT23-18893 Civil, PMT23-19680 Foundation, PMT23-20558 Shell + TKD Phase 1, PMT24-13760 TKD Phase 2. Results in CoC.",socrata:citydata.mesaaz.gov:2gkz-7z4f
Texas,TX,,24-15894,Remodeling of Existing Structure,,2025-01-23,,2025-01-23,100000.0,,,75024,,,DB DATA CENTER PLANO LLC,,DATABANK PLANO,confirmed,105.0,DataBank,other,data_center|operator:databank,,socrata:data.texas.gov:82ee-gbj5
Texas,TX,,23-20452,New Construction,,2024-04-26,,2024-04-26,65000.0,,,75074,,,ALIGNED DATA CENTERS (DFW) PROPCO LLC,,ALIGNED DATA CENTER,confirmed,105.0,Aligned Data Centers,new_build,data_center|operator:aligned data center,,socrata:data.texas.gov:82ee-gbj5
Mesa,AZ,,PMT24-19524,Tenant Improvement (Interior Only),Issued,2025-04-15,,2025-04-15,294884823.73,478361.0,3856 S EVERTON TERR,,33.344193,-111.618781,,Hunter West,HOLDER CONSTRUCTION GROUP LLC,confirmed,104.5,,fitout,data_center|data_hall|valuation>=250_000_000|sqft>=200_000,"Tenant improvement for existing (2) story 490,782 SF shell space data center, Group B/S-1/S-2 occupancy, Type I-B Construction. Modifications of existing 1st level warehouse into 3 data halls. Special inspection req. - Steel, concrete, soils, deep foundations, spray fire resistance material, fire caulking, Mastic & intumescent coating, smoke control. REF: PMT24-02625 Civil, PMT24-09780 Shell, PMT24-11335 Phase 1. Results in CoO at completion of all phases. Result in TCO. Phasing plan.",socrata:citydata.mesaaz.gov:2gkz-7z4f
Mesa,AZ,,PMT24-15709,Commercial/Industrial Projects,Issued,2025-03-25,,2025-03-25,59753691.36,229416.0,10464 E PECOS RD,,33.292231,-111.608239,,Joy Hughes,RYAN COMPANIES,confirmed,101.5,,new_build,data_center|data_hall|generators|valuation>=50_000_000|sqft>=200_000,"Development of 229,416 SF, Type II-B construction, group B occupancy single story data center. The development building is designed with tilt wall construction and contains 94,951 square feet of data hall space and 9,512 square feet of office space located centrally between south and north data hall spaces. The building will have supported chiller cooling platforms on south and north side of the buildings. A NEW DATA CENTER BUILDING. WORK INCLUDES CONSTRUCTION OF NEW EXTERIOR AND INTERIOR PARTITIONS, CEILINGS, FINISHES, MECHANICAL, ELECTRICAL, PLUMBING & FIRE PROTECTION AS INDICATED ON DRAWINGS. DEFERRED FIRE SPRINKLERS. DEFERRED FIRE ALARM. DEFERRED DATA HALL RACKING SYSTEM. DEFERRED GENERATOR PLATFORM AND STAIRS. SPECIAL INSPECTIONS REQUIRED - EMERGENCY RESPONDER RADIO COVERAGE IFC 510, Concrete, Steel, Soils, Open-we Steel Joist and girders, post-installed anchoring and bolting Fire pump house by separate permit. Water Meters: (2) 2-inch Domestic and (1) 2-inch Landscape. Ref PMT24-15751 for site improvements. Results in CoC. Forthcoming TCO for phases. CoO will be provided at project completion. Landscape meters is 10464 E PECOS RD LD1. Code modification for refrigerants: PMT25-18602",socrata:citydata.mesaaz.gov:2gkz-7z4f
Mesa,AZ,,PMT23-20558,Commercial/Industrial Projects,Issued,2024-03-28,,2024-03-28,171779424.64,868431.0,3856 S EVERTON TERR,,33.344193,-111.618781,,Hunter West,HOLDER CONSTRUCTION GROUP LLC,confirmed,96.0,,expansion,data_center|valuation>=100_000_000|sqft>=500_000,"New 868,431sf 3-story addition for a data center. IB construction. B/ S-1/ S-2 Occupancy. Special inspection required for fabricator, steel, concrete, foundation, anchoring. 2-2"" domestic meters install with this permit, related to site improvement permit PMT23-18893, and foundation permit PMT23-19380. Special inspection for fire caulking. Deferred fire sprinklers and fire alarms/VESDA. Results in CoC.",socrata:citydata.mesaaz.gov:2gkz-7z4f
Mesa,AZ,,PMT25-09255,Commercial/Industrial Projects,Issued,2025-08-06,,2025-08-06,73214120.12,180108.0,3261 S HAWES RD,,33.354696,-111.652901,,Todd E Moore,Wespac Construction Inc,confirmed,87.0,,expansion,data_hall|switchgear|generators|valuation>=50_000_000|sqft>=100_000,"Phase 3 TI, North 2 interior data halls. The work will involve installation of interior walls, MEPs, generators, distribution switchgear, chillers, CRACs, and chiller piping. S-1 occupancy only 180108sf. Special inspections for fire rated assemblies, and structural items. (PMT24-11896 shell, Code Mod PMT25-11515). The equipment with batteries is not within the scope of this permit. CofO required. Deferred fire sprinklers and fire alarm.",socrata:citydata.mesaaz.gov:2gkz-7z4f
Mesa,AZ,,PMT25-13240,Commercial/Industrial Projects,Issued,2025-12-30,,2025-12-30,27892886.68,243332.0,3255 S 96TH ST,,33.355691,-111.626771,,C1-MESA LLC,"CDP DEVELOPMENT, INC.",confirmed,85.5,,new_build,data_center|data_hall|valuation>=10_000_000|sqft>=200_000,"Shell data hall building 1, construction type II-B, two story 243,332 SF total building. Building shell includes precast wall panels, insulated metal panel and curtain wall window units. The building will function as a data center and adjacent office, storage and loading dock. Partial interior data hall fit out including interior partitions, ceilings, flooring, lighting, mechanical, electrical, plumbing and fire protection systems. Data hall fit out, and admin area completion will receive CoO under PMT25-22845. New 8-inch water meter. Special inspection for structural, electrical at 1000 AMPS or more, fire rated assemblies, Emergency Responder Radio Coverage, and EIFS. Civil and landscaping plans under PMT25-11012. Deferred fire sprinklers, fire alarm, access control, platform railings, vehicle gate access and lighting protection. Results in CoC.",socrata:citydata.mesaaz.gov:2gkz-7z4f
Mesa,AZ,,PMT22-17409,Commercial/Industrial Projects,C of O Issued,2023-05-08,,2023-05-08,33760326.2,235550.0,10256 E ELLIOT RD,,33.35516,-111.612275,,Kyle David Hester,Chad Labucki,confirmed,85.5,,other,data_center|data_hall|valuation>=10_000_000|sqft>=200_000,"New 202,290 SF data hall with 33260 SF of offices for the construction of the PH2 Data Center facility for NTT, owner. The PH2 data center facility is the second data center on the NTT campus. Please refer to PMT22-15602 for the Underground and Foundation submission material for the PH2 facility. DEFERRED FIRE SPRINKLERS. DEFERRED FIRE ALARM. DEFERRED ELECTRIC VEHICLE GATES. SPECIAL INSPECTION REQ'D IFC 510 RADIO COVERAGE. No new meters. Emergency radio system: PMT24-08110",socrata:citydata.mesaaz.gov:2gkz-7z4f
Mesa,AZ,,PMT24-03228,Commercial/Industrial Projects,Issued,2024-05-08,,2024-05-08,84593566.19,302953.0,3856 S EVERTON TERR,,33.344193,-111.618781,,Hunter West,HOLDER CONSTRUCTION GROUP LLC,confirmed,84.0,,new_build,data_center|valuation>=50_000_000|sqft>=200_000,Foundation and under-slab utility permit for a new data center. Building under separate permit. Civil under PMT24-02625.,socrata:citydata.mesaaz.gov:2gkz-7z4f
Mesa,AZ,,PMT23-13926,Commercial/Industrial Projects,C of O Issued,2023-11-09,,2023-11-09,72652758.8,333031.0,7232 E ELLIOT RD,,33.350771,-111.678122,,"J.E. Dunn - Haydon, a Joint Venture",JE DUNN CONSTRUCTION,confirmed,84.0,,new_build,data_center|valuation>=50_000_000|sqft>=200_000,"New ground up data center with electrical yard, mechanical yard, six pump houses and a pump house pharmacy, two electrical buildings with associated platform/decks, trestle conveying MEP, chillers. Site entrance guard booth. Perimeter walls. The pumphouse and pumphouse with pharmacy will be PEMBs. Occupancy classifications, B, S-2, F-1, construction type II-B, unlimited area. Special inspections for fire caulking, emergency response radio coverage, steel, fabricators, concrete, masonry, soils, driven deep foundation, post installed anchors, cold form metal framing, and architectural precast wall panels. Deferred submittals: fire sprinklers, fire alarms, structural steel connections; cold form studs & Unistrut framing; pipes slides, guides & anchors; steel stairs & stair landing; specialty equipment skids & anchorage; makeup water tank and foundation. Install Emergency Responder Radio System. Code MOD: PMT23-18216. Three new 3-phase electric meters. HOLD CofO for completion and acceptance of PMT23-12030 and ROW dedication of Elliot Rd. and Sossaman Rd.",socrata:citydata.mesaaz.gov:2gkz-7z4f
Chicago,IL,,100989382,PERMIT - RENOVATION/ALTERATION,COMPLETE,2023-01-06,2022-11-15,2023-01-06,25500000.0,,2800 S ASHLAND AVE,,41.84083718176195,-87.66597033174237,,,,confirmed,83.5,,power_infrastructure,data_center|data_hall|generators|valuation>=10_000_000,"DDS 2019 CBC: INTERIOR & EXTERIOR ALTERATIONS TO EXISTING 2-STORY DATA CENTER BUILDING. INTERIOR ALTERATION FOR DEPLOYMENT OF ELECTRICAL & MECHANICAL EQUIPMENT TO SUPPORT TENANTS WITHIN DATA HALLS 2 & 3 ON 1ST & 2ND FLOORS & ROOF. EXTERIOR SITE WORK FOR NEW GENERATOR FOUNDATION WITH FOUR (4) NEW GENERATORS. THREE (3) NEW GENERATORS INSTALLED ON EXISTING GENERATOR FOUNDATION AT THE SOUTH GENERATOR YARD. ONE (1) NEW GENERATOR INSTALLED ON EXISTING GENERATOR FOUNDATION AT THE NORTHEAST SIDE OF BUILDING, MECHANICAL UNIT STEEL PLATFORMS & EXTERIOR METAL STAIR AT THE WEST SIDE OF BUILDING AS PER PLANS. (OCCUPANCY GROUP B; TYPE IIA CONSTRUCTION) CONSULTANT REVIEWER: THE CODE GROUP",socrata:data.cityofchicago.org:ydr8-5enu
Mesa,AZ,,PMT22-09732,Tenant Improvement (Interior Only),C of O Issued,2023-02-06,,2023-02-06,46502830.72,201856.0,3856 S EVERTON TERR,,33.344193,-111.618781,,Dotterweich Carlson Mehner Design Inc.,MCCARTHY BUILDING COMPANIES,confirmed,82.0,,fitout,data_hall|crac_crah|valuation>=10_000_000|sqft>=200_000,LEVEL 1: PROPOSED NEW EQUIPMENT ON EXISTING PLATFORM. PROPOSED TWO DATA HALLS AND CRAH GALLERIES WITH MECHANICAL AND ELECTRICAL EQUIPMENT. LEVEL 2: NO WORK ON THIS LEVEL. ROOF: PROPOSED NEW EQUIPMENT ON EXISTING PLATFORM. Deferred fire sprinklers and fire alarms.,socrata:citydata.mesaaz.gov:2gkz-7z4f
Mesa,AZ,,PMT24-04714,Tenant Improvement (Interior Only),C of O Issued,2024-07-01,,2024-07-01,47169705.96,199343.0,3856 S EVERTON TERR,,33.344193,-111.618781,,Hunter West,HOLDER CONSTRUCTION GROUP LLC,confirmed,81.5,,fitout,data_center|data_hall|valuation>=10_000_000|sqft>=100_000,"Tenant improvement of portion of data center building to built-out the office spaces, conference room, and break-room. Deferred fire sprinklers and fire alarms. Refer to PMT24-11121: Code modification for 2018 IPC 403.1.1 regarding the reduction of plumbing fixtures in a Data Hall, Group B/ S occupancy. See approval letter for details.",socrata:citydata.mesaaz.gov:2gkz-7z4f
Mesa,AZ,,PMT23-07125,Other Commercial,C of C Issued,2023-07-31,,2023-07-31,,,10950 E ELLIOT RD,,33.350771,-111.678122,,Angie Couden,JE Dunn,confirmed,81.0,,power_infrastructure,data_center|megawatt|generators,"THIS IS A USE PERMIT FOR A TEMPORARY CONSTRUCTION FIELD OFFICE FOR USE BY CONTRACTORS WHILE A PERMANENT BUILDING IS UNDER CONSTRUCTION. SIX CONSTRUCTION TRAILERS AND ONE MEDICAL TRAILER. THE CONSTRUCTION TRAILER MUST BE PLACED ONLY ON THE PROPERTY THAT IS BEING DEVELOPED AND OUT OF ALL BUILDING SETBACKS. NO PUBLIC USE IS PERMITTED. THIS USE PERMIT SHALL BE NON-TRANSFERABLE FROM ONE OWNER OR LESSEE TO ANOTHER AND SHALL EXPIRE ON DECEMBER 31, OF EACH YEAR UNLESS EARLIER REVOKED. ESTIMATED TIME OF CONSTRUCTION TRAILER REMOVAL **DECEMBER 2023**. GENERATOR WILL BE USED FOR POWER. * * * * *DYNALECTRIC - EAST MESA 80MW DATA CENTER* * * * * *",socrata:citydata.mesaaz.gov:2gkz-7z4f
Austin,TX,AUSTIN FULL PURPOSE,2024-151690 BP,C-1000 Commercial Remodel,Final,2024-12-10,2024-09-20,2024-12-10,,2000.0,3301 HIBBETTS RD UNIT 200,78725,,,,Matt Coffel,Mission Critical Facilities International,confirmed,80.5,,fitout,data_center|crac_crah|mission_critical,Interior remodel existing data center- install CRAH units upper floor,socrata:datahub.austintexas.gov:3syk-w9eu
Austin,TX,AUSTIN FULL PURPOSE,2024-151689 BP,C-1000 Commercial Remodel,Final,2024-12-10,2024-09-20,2024-12-10,,2000.0,3301 HIBBETTS RD UNIT 100,78725,,,,Matt Coffel,Mission Critical Facilities International,confirmed,80.5,,fitout,data_center|crac_crah|mission_critical,Interior remodel existing data center- install CRAH units lower floor,socrata:datahub.austintexas.gov:3syk-w9eu
Texas,TX,,25-04614,Remodeling of Existing Structure,,2025-09-11,,2025-09-11,125000000.0,,,75074,,,"ALIGNED DATA CENTERS (PLANO) PROPCO, LLC",,ALIGNED DATA CENTERS,confirmed,78.0,,other,data_center|valuation>=100_000_000,,socrata:data.texas.gov:82ee-gbj5
Mesa,AZ,,PMT24-17530,Commercial/Industrial Projects,Issued,2025-02-10,,2025-02-10,33408765.06,225456.0,10256 E ELLIOT RD,,33.35516,-111.612275,,Sevrin Scarcelli,Chad Labucki,confirmed,78.0,,other,data_center|valuation>=10_000_000|sqft>=200_000,"Building #3. New 225,606 sf 2-story data center. IIB construction. B/ S-1 occupancies. Unlimited building with 60ft min. yards. Special inspections required for fabricator, steel, concrete, soil, fire caulking and emergency responder radio coverage. New 2"" domestic water meter, and new 1"" landscape meter. Deferred fire sprinklers and fire alarms. Results in CoO.",socrata:citydata.mesaaz.gov:2gkz-7z4f
Mesa,AZ,,PMT24-07723,Commercial/Industrial Projects,C of C Issued,2025-02-05,,2025-02-05,30026772.3,238497.0,7232 E ELLIOT RD,,33.350771,-111.678122,,"J.E. Dunn - Haydon, a Joint Venture",JE DUNN CONSTRUCTION,confirmed,78.0,,new_build,data_center|valuation>=10_000_000|sqft>=200_000,"EXPEDITE - Foundation and underground/slab utilities only for new Data Center. Special inspections required for steel, fabricators, concrete, soils, driven deep foundations. Aerial apparatus access code modification: PMT24-12147.",socrata:citydata.mesaaz.gov:2gkz-7z4f
Texas,TX,,24-11940,New Construction,,2024-12-03,,2024-12-03,190877712.0,,,75074,,,"ALIGNED DATA CENTERS (PLANO) PROPCO, LLC",,ALIGNED DATA CENTERS,confirmed,78.0,,new_build,data_center|valuation>=100_000_000,,socrata:data.texas.gov:82ee-gbj5
Mesa,AZ,,PMT22-19910,Commercial/Industrial Projects,C of O Issued,2024-12-02,,2024-12-02,33687154.2,235550.0,10256 E ELLIOT RD,,33.35516,-111.612275,,Kyle David Hester,CLAYCO INC,confirmed,78.0,,other,data_center|valuation>=10_000_000|sqft>=200_000,"New 235,550 SF shell PH3 Data Center facility for NTT, owner. See PMT22-15608 for the Underground and Foundation for the PH3 facility. Deferred fire sprinklers and fire alarms. Special Inspections for emergency response radio coverage and fire line plush test.",socrata:citydata.mesaaz.gov:2gkz-7z4f
Mesa,AZ,,PMT24-07027,Commercial/Industrial Projects,Issued,2024-09-19,,2024-09-19,33143923.38,225311.0,10256 E ELLIOT RD,,33.35516,-111.612275,,TIm Durbin,CLAYCO INC,confirmed,78.0,,other,data_center|valuation>=10_000_000|sqft>=200_000,"Building #4. New 225,606 sf 2-story data center. IIB construction. B/ S-1 occupancies. Unlimited building with 60ft min. yards. Special inspections required for fabricator, steel, concrete, soil. New 2"" domestic water meter, and new 1"" landscape meter. DEFERRED FIRE SPRINKLERS. DEFERRED FIRE ALARM. SPECIAL INSPECTION REQ'D IFC 510 RADIO COVERAGE. Related, prewire Emergency radio system: PMT24-08110. Result CoO.",socrata:citydata.mesaaz.gov:2gkz-7z4f
Mesa,AZ,,PMT22-15608,Commercial/Industrial Projects,Issued,2024-04-14,,2024-04-14,33760326.2,235550.0,10256 E ELLIOT RD,,33.35516,-111.612275,,Kyle David Hester,Clayco,confirmed,78.0,,other,data_center|valuation>=10_000_000|sqft>=200_000,"New 235550 SF data center. This permit is for the underground & foundation for the PH3 data center facility. Special inspections are expected to be required for soils, concrete.",socrata:citydata.mesaaz.gov:2gkz-7z4f
Mesa,AZ,,PMT22-15602,Commercial/Industrial Projects,C of C Issued,2022-12-01,,2022-12-01,33760326.2,235550.0,10256 E ELLIOT RD,,33.35516,-111.612275,,Kyle David Hester,Clayco,confirmed,78.0,,other,data_center|valuation>=10_000_000|sqft>=200_000,"New 235,550 SF data center's foundation and underground work. Special inspections anticipated required for soils, concrete. Includes the 1"" landscape water meter and 2"" domestic meter. Special Inspections for Emergency Response Radio Coverage. Deferred fire sprinklers and fire alarms.",socrata:citydata.mesaaz.gov:2gkz-7z4f
Chicago,IL,,101038603,PERMIT - RENOVATION/ALTERATION,COMPLETE,2024-03-05,2023-12-13,2024-03-05,800000.0,,2800 S ASHLAND AVE,,41.84083718176195,-87.66597033174237,,,,confirmed,77.5,,power_infrastructure,data_center|data_hall|generators,"DDS 2019 CBC: INTERIOR AND EXTERIOR ALTERATIONS TO EXISTING 2-STORY DATA CENTER BUILDING. INTERIOR BUILDOUT AND DEPLOYMENT OF ELECTRICAL AND MECHANICAL EQUIPMENT IN DATA HALL 3 ON THE 1ST FLOOR, 2ND FLOOR AND ROOF. EXTERIOR SITE WORK FOR TWO (2) NEW GENERATORS AS PER PLANS. (OCCUPANCY GROUP B; TYPE IIA CONSTRUCTION) CONSULTANT REVIEWER: THE CODE GROUP",socrata:data.cityofchicago.org:ydr8-5enu
Montgomery County,MD,ROCKVILLE,1120980,ELECTRICAL PERMIT,Finaled,2025-06-13,,2025-06-13,,,,20850,,,,,,confirmed,77.0,,equipment,data_center|server_racks|busway,"Please do not request inspections under this permit until 2 business days after permit issuance.Add a 4th row of server racks to the east data center. Wire in-row coolers, and disconnecting means for existing busway runs.",socrata:data.montgomerycountymd.gov:qxie-8qnp
Chicago,IL,,101036937,PERMIT - RENOVATION/ALTERATION,COMPLETE,2024-03-13,2023-10-31,2024-03-13,12500000.0,,350 E CERMAK RD,,41.85311814898232,-87.61862204741678,,,,confirmed,76.0,,power_infrastructure,data_center|generators|valuation>=10_000_000,"SPR 2019 CBRC: INTERIOR AND EXTERIOR ALTERATIONS TO EXISTING 3RD FLOOR DATA CENTER TO INCLUDE DEMO, NEW PARTITIONS, STRUCTURAL, ELECTRICAL AND MECHANICAL WORK. EXTERIOR WORK TO INCLUDE THE REMOVAL AND REPLACEMENT OF AN EMERGENCY GENERATOR WITH A NEW BELLY TANK AT EXISTING OUTDOOR GENERATOR YARD AT GRADE AS PER PLANS. S-2 STORAGE, B-BUSINESS. 1B CONSTRUCTION (CONDITIONAL PERMIT SUBJECT TO FIELD INSPECTIONS)",socrata:data.cityofchicago.org:ydr8-5enu
Mesa,AZ,,PMT22-03129,Tenant Improvement (Interior Only),C of C Issued,2022-10-15,,2022-10-15,28000000.0,,3740 S SIGNAL BUTTE RD,,33.347338,-111.601334,,Holder Construction,HOLDER CONSTRUCTION GROUP LLC,confirmed,76.0,,expansion,data_center|generators|valuation>=10_000_000,"Tenant Improvement - Data center expansion to the current permit PMT21-09173. Expansion includes fit-out of existing space and installation of electrical and mechanical equipment, including the plumbing and electrical connections as necessary. Deferred fire sprinklers, fire alarm and generators.",socrata:citydata.mesaaz.gov:2gkz-7z4f
Chicago,IL,,101074945,PERMIT - RENOVATION/ALTERATION,COMPLETE,2026-01-21,2025-10-06,2026-01-21,1444050.0,,1432 S CLINTON ST,,41.86262022335638,-87.64070114060304,,,,confirmed,75.0,,fitout,data_center|liquid_cooling,DDS / 2019 CBRC: REVISION TO PERMIT 101063390 FOR MODIFICATIONS TO THE MECHANICAL SYSTEM (LIQUID COOLING SYSTEM ON LEVEL 2 OF AN EXISTING FOUR (4) STORY DATA CENTER AS PER PLANS.(OCCUPANCY GROUP: B / CONSTRUCTION CLASSIFICATION: 1B) CONSULTANT REVIEWER: GLOBETROTTERS ENGINEERING,socrata:data.cityofchicago.org:ydr8-5enu
Chicago,IL,,101079611,PERMIT - RENOVATION/ALTERATION,ACTIVE,2026-06-16,2026-03-23,2026-06-16,3000000.0,,717 S WELLS ST,,41.87296747271569,-87.63344780864057,,,,confirmed,74.0,,fitout,data_center|crac_crah,"DDS 2019 CBC: INTERIOR ALTERATIONS TO EXISTING 6TH FLOOR DATA CENTER (INCLUDES REPLACEMENT OF 5 EXISTING AHUS WITH 6 NEW CRAH UNITS, NEW AIR COOLED CHILLERS ON THE ROOF, ROOF MODIFICATION TO ACCOMODATE NEW UNITS & NEW GUARD RAIL AND GRATING SURROUNDING THE UNITS) (OCCUPANY GROUP B & S-1. TYPE IA CONSTRUCTION) CONSULTANT REVIEWER: V3 COMPANIES OF IL",socrata:data.cityofchicago.org:ydr8-5enu
New York City,NY,,,Mechanical Systems,Permit Issued,2025-12-10,,2025-12-10,7000000.0,,198 EAST 161 STREET,10451,40.826354,-73.921024,DCAS,AWL INDUSTRIES INC,,confirmed,74.0,,new_build,data_center|crac_crah,Installation of fan coil units on flrs 3 - 10. Installation of in-row cooling system and CRAC unit at new data center on 4th floor. Installation of new air-cooled chiller on 2nd flr roof. New chilled water lines from 2nd - 10th flr.,socrata:data.cityofnewyork.us:rbx6-tga4
Austin,TX,AUSTIN FULL PURPOSE,2024-151689 EP,C-1000 Commercial Remodel,Final,2024-12-12,2024-09-20,2024-12-12,,2000.0,3301 HIBBETTS RD UNIT 100,78725,,,,,Parker Electric,confirmed,74.0,,fitout,data_center|crac_crah,Interior remodel existing data center- install CRAH units lower floor,socrata:datahub.austintexas.gov:3syk-w9eu
Austin,TX,AUSTIN FULL PURPOSE,2024-151690 EP,C-1000 Commercial Remodel,Final,2024-12-12,2024-09-20,2024-12-12,,2000.0,3301 HIBBETTS RD UNIT 200,78725,,,,,Parker Electric,confirmed,74.0,,fitout,data_center|crac_crah,Interior remodel existing data center- install CRAH units upper floor,socrata:datahub.austintexas.gov:3syk-w9eu
Austin,TX,AUSTIN FULL PURPOSE,2024-151690 MP,C-1000 Commercial Remodel,Final,2024-12-10,2024-09-20,2024-12-10,,2000.0,3301 HIBBETTS RD UNIT 200,78725,,,,,Team Services,confirmed,74.0,,fitout,data_center|crac_crah,Interior remodel existing data center- install CRAH units upper floor,socrata:datahub.austintexas.gov:3syk-w9eu
Austin,TX,AUSTIN FULL PURPOSE,2024-151689 MP,C-1000 Commercial Remodel,Final,2024-12-10,2024-09-20,2024-12-10,,2000.0,3301 HIBBETTS RD UNIT 100,78725,,,,,Team Services,confirmed,74.0,,fitout,data_center|crac_crah,Interior remodel existing data center- install CRAH units lower floor,socrata:datahub.austintexas.gov:3syk-w9eu
Austin,TX,AUSTIN,2024-151690 BP,Building Permit,Final,2024-12-10,2024-09-20,2024-12-10,,,POINT(-97.66937156 30.26752153),78725,30.26752153,-97.66937156,,,,confirmed,74.0,,fitout,data_center|crac_crah,Interior remodel existing data center- install CRAH units upper floor,socrata:datahub.austintexas.gov:quv8-5ckq
Austin,TX,AUSTIN,2024-151689 BP,Building Permit,Final,2024-12-10,2024-09-20,2024-12-10,,,POINT(-97.66937156 30.26752153),78725,30.26752153,-97.66937156,,,,confirmed,74.0,,fitout,data_center|crac_crah,Interior remodel existing data center- install CRAH units lower floor,socrata:datahub.austintexas.gov:quv8-5ckq
Mesa,AZ,,PMT24-11896,Commercial/Industrial Projects,Issued,2024-09-16,,2024-09-16,56828358.06,412065.0,3261 S HAWES RD,,33.354696,-111.652901,,Todd E Moore,WESPAC CONSTRUCTION INC,confirmed,74.0,,new_build,data_hall|valuation>=50_000_000|sqft>=200_000,"Core and shell building constructed of structural steel columns, beams and framing, precast concrete sandwich wall panels with precast concrete double tee roof structure, metal panels & glazed curtainwall. Phase 2 will contain two levels of office and storage space, a loading dock, two shell data hall wings with associated support spaces, and some infrastructure for phase 3-4 back up power generation plants. Occupancy classifications B and S-2, construction type II-B, unlimited area building. B occupancy 37,384 sf. S-2 Occupancy 374,547 sf. 134 sf Security building (guard house included, occupancy classification B, construction type II-B. Special inspections for emergency responder radio coverage and fire caulking. Access control by separate submittal. Deferred fire sprinklers and fire alarms. Two new 3-phase electric meters. Special inspections are required for fabricators, steel, concrete, masonry, epoxy/expansion anchors, sprayed fire-resistant materials, mastic and intumescent fire-resistant coatings, EIFS. New 2-2-inch domestic water meters. Landscape water meter is under PMT23-19121.",socrata:citydata.mesaaz.gov:2gkz-7z4f
Chicago,IL,,101003132,PERMIT - RENOVATION/ALTERATION,COMPLETE,2023-09-22,2023-02-01,2023-09-22,2000000.0,,1432 S CLINTON ST,,41.86262022335638,-87.64070114060304,,,,confirmed,74.0,,power_infrastructure,data_center|generators|cooling_tower,(DIRECT DEVELOPER SERVICES) EXTERIOR ALTERATIONS TO EXISTING FOUR (4) STORY DATA CENTER TO INCLUDE INSTALLATION OF FOUR (4) NEW DIESEL GENERATORS ON LEVEL 2 AND NEW CHILLER / COOLING TOWER AND ASSOCIATED ANCILLARY SUPPORT FRAMING ON LEVELS 3 & 4 AS PER PLANS. (OCCUPANCY CLASSIFICATION: B / CONSTRUCTION CLASSIFICATION: 1B) CONSULTANT REVIEWER: GLOBETROTTERS ENGINEERING,socrata:data.cityofchicago.org:ydr8-5enu
Mesa,AZ,,PMT25-01071,Tenant Improvement (Interior Only),Issued,2025-06-10,,2025-06-10,10000000.0,,3856 S EVERTON TERR,,33.344193,-111.618781,,Hunter West,HOLDER CONSTRUCTION GROUP LLC,confirmed,73.5,,expansion,data_center|data_hall|valuation>=10_000_000,"Tenant improvement for existing (2) story 490,782 SF shell space data center, Group B/S-1/S-2 occupancy, Type I-B Construction. Modifications of existing 2nd level warehouse (3) data halls and in addition, office and storage spaces of administrative area of building will be fit out to meet tenant requirements on both 1st and 2nd level and consist of architectural, structural, electrical, mechanical, plumbing. The approximate total area within the scope of work is 142,041 square feet. Deferred fire sprinkler and fire alarm. Special Inspection required for fire-resistant penetration and joints, concrete, steel and anchors. REF: shell PMT24-09780, and Phase 1 PMT24-113354, and Phase 3 PMT24-19524. Results CoO at completion of all phases. Result in TCO. Phasing plan.",socrata:citydata.mesaaz.gov:2gkz-7z4f
Chicago,IL,,100994175,PERMIT - RENOVATION/ALTERATION,COMPLETE,2022-11-22,2022-11-02,2022-11-22,11000000.0,,2800 S ASHLAND AVE,,41.84083718176195,-87.66597033174237,,,,confirmed,73.5,,fitout,data_center|data_hall|valuation>=10_000_000,DDS 2019 CBC: INTERIOR AND EXTERIOR ALTERATIONS TO EXISTING 2-STORY DATA CENTER BUILDING. INTERIOR UPGRADE OF ELECTRICAL AND MECHANICAL EQUIPMENT IN DATA HALL 1 AND EXTERIOR SITE STRUCTURAL INFRASTRUCTURE TO SUPPORT NEW MECHCANICAL UNITS AS PER PLANS. (OCCUPANCY GROUP B; TYPE IIA CONSTRUCTION) CONSULTANT REVIEWER: THE CODE GROUP,socrata:data.cityofchicago.org:ydr8-5enu
Mesa,AZ,,PMT25-06684,Tenant Improvement (Interior Only),Issued,2025-07-24,,2025-07-24,10000000.0,,3856 S EVERTON TERR,,33.344193,-111.618781,,Hunter West,HOLDER CONSTRUCTION GROUP LLC,confirmed,72.0,,fitout,data_hall|megawatt|valuation>=10_000_000,"Tenant fitout of Tower2, approx 120,540 SF (3-storey) within existing Edgecore PH02 building, type I-B construction, group B, S-1 and S-2 occupancy. Tenant improvement include technology and electrical fitout of (3) 8MW data halls and tenant office and storage spaces. Special inspection req. - concrete, fire-resistant & joints, post installed anchors. Deferred fire sprinklers and fire alarm. REF: PMT24-16768 - PH02 Tower1 TFO, PMT23-20558 PH02-Phase1 Shell PMT24-13760 PH02-Phase2 Shell, PMT24-20204 PH02-Phase3 Shell. Results CoO at completion of all phases. Phasing plan.",socrata:citydata.mesaaz.gov:2gkz-7z4f
Mesa,AZ,,PMT24-16768,Tenant Improvement (Interior Only),Temporary C of O,2025-07-01,,2025-07-01,10000000.0,,3856 S EVERTON TERR,,33.344193,-111.618781,,Hunter West,HOLDER CONSTRUCTION GROUP LLC,confirmed,72.0,,fitout,data_hall|megawatt|valuation>=10_000_000,"Tenant fitout of Tower1, approx 132,925 SF (3-storey) within existing Edgecore PH02 building, type I-B construction, group B, S-1 and S-2 occupancy. Tenant improvement include technology and electrical fitout of (3) 8MW data halls and tenant office and storage spaces. DEFERRED FIRE SPRINKLERS. DEFERRED FIRE ALARM. Special inspection for fire caulking. REF: PMT25-06684 for Tower2 TFO, PMT23-20558 PH02-Phase1 Shell PMT24-13760 PH02-Phase2 Shell, PMT24-20204 PH02-Phase3 Shell. Results CoO at completion of all phases. Result in TCO. Phasing plan.",socrata:citydata.mesaaz.gov:2gkz-7z4f
Mesa,AZ,,PMT22-07611,Commercial/Industrial Projects,Issued,2024-05-20,,2024-05-20,,,3765 S ELLSWORTH RD,,33.3454,-111.635394,,,DPR CONSTRUCTION,confirmed,72.0,,new_build,data_center|substation,"Sitework for three new data center buildings and associated administration buildings within the existing data center campus in Mesa, AZ. These buildings are referred to as Buildings 5, 6 and 3F. The existing campus (under construction) consists of two data center buildings and administration building, two entry guardhouses, and an electrical substation permitted under PMT21-11088. Landscaping to be included with new construction of buildings permit submittal.",socrata:citydata.mesaaz.gov:2gkz-7z4f
Texas,TX,,23-01831,Finish Out,,2023-07-17,,2023-07-17,50736052.0,,,75074,,,ALIGNED DATA CENTERS (DFW) PROPCO LLC,,ALIGNED DATA CENTERS,confirmed,72.0,,other,data_center|valuation>=50_000_000,,socrata:data.texas.gov:82ee-gbj5
Chicago,IL,,101081831,PERMIT - RENOVATION/ALTERATION,ACTIVE,2026-08-05,2026-04-07,2026-08-05,8400000.0,,350 E CERMAK RD,,41.85311814898232,-87.61862204741678,,,,confirmed,70.0,,fitout,data_center|chiller_plant,"SPR 2019 CBRC: TENANT IMPROVEMENT TO REMODEL ELECTRICAL ROOMS AND SUPPORT SPACES ON THE 6TH FLOOR SUITES S600A & S600B OF AN EXISTING DATA CENTER. WORK TO INCLUDE UPDATES TO THE MECHANICAL, ELECTRICAL, FIRE PROTECTION AND OTHER AFFECTED SYSTEMS. EXTERIOR WORK IS LIMITED TO THE REMOVAL AND REPLACEMENT OF ROOFTOP MECHANICAL EQUIPMENT WITH A CHILLED WATER SYSTEM. NO CHANGE IN OCCUPANCY OR USE. ( B-BUSINESS. 1B CONSTRUCTION)",socrata:data.cityofchicago.org:ydr8-5enu
Chicago,IL,,101046027,PERMIT - RENOVATION/ALTERATION,COMPLETE,2024-11-05,2024-03-08,2024-11-05,5300000.0,,350 E CERMAK RD,,41.85311814898232,-87.61862204741678,,,,confirmed,70.0,,power_infrastructure,data_center|generators,"SPR 2019 CBRC: INTERIOR ALTERATIONS TO EXISTING 2ND FLOOR DATA CENTER TO INCLUDE DEMO, STRUCTURAL, ELECTRICAL AND MECHANICAL WORK. WORK TO INCLUDE THE REMOVAL AND REPLACEMENT OF THREE EMERGENCY GENERATORS. S-2 STORAGE, B-BUSINESS, 1B CONSTRUCTION",socrata:data.cityofchicago.org:ydr8-5enu
Mesa,AZ,,PMT24-12942,Other Commercial,Issued,2024-08-07,,2024-08-07,12000.0,,8807 E WARNER RD,,33.333498,-111.642492,,Matthew Fisher,,confirmed,70.0,,power_infrastructure,data_center|generators,"THIS IS A USE PERMIT FOR A TEMPORARY CONSTRUCTION FIELD OFFICE FOR USE BY CONTRACTORS WHILE A PERMANENT BUILDING IS UNDER CONSTRUCTION. THE CONSTRUCTION TRAILER MUST BE PLACED ONLY ON THE PROPERTY THAT IS BEING DEVELOPED AND OUT OF ALL BUILDING SETBACKS. NO PUBLIC USE IS PERMITTED. THIS USE PERMIT SHALL BE NON-TRANSFERABLE FROM ONE OWNER OR LESSEE TO ANOTHER AND SHALL EXPIRE ON DECEMBER 31, OF EACH YEAR UNLESS EARLIER REVOKED. ESTIMATED TIME OF CONSTRUCTION TRAILER REMOVAL DECEMBER 2025. GENERATOR TO RUN 24 HOURS, 7 DAYS A WEEK. REF - BUILDING PERMIT #: PMT24-13636 * * * * *EDGED DATA CENTER LIFT STATION* * * * *",socrata:citydata.mesaaz.gov:2gkz-7z4f
Austin,TX,AUSTIN,2023-016696 BP,Building Permit,Expired,2023-11-02,2022-11-03,2023-11-02,,,POINT(-97.84028225 30.42020548),78726,30.42020548,-97.84028225,,,,confirmed,70.0,,power_infrastructure,data_center|generators,Install new generator for building D data center and install (4) split systems AC units for data center and UPS room.,socrata:datahub.austintexas.gov:quv8-5ckq
Texas,TX,,23-07102,Remodeling of Existing Structure,,2023-10-19,,2023-10-19,6000000.0,,,75024,,,DB DATA CENTER PLANO LLC,,POWER AND GENERATOR ROOM,confirmed,70.0,,power_infrastructure,data_center|generators,,socrata:data.texas.gov:82ee-gbj5
Mesa,AZ,,PMT24-13995,Other Commercial,Issued,2024-09-04,,2024-09-04,200000.0,,7232 E ELLIOT RD,,33.350771,-111.678122,,Trevor Jones,JE DUNN CONSTRUCTION,confirmed,69.0,,other,data_center|datacenter_word,Temporary construction site power for MSA2A datacenter.,socrata:citydata.mesaaz.gov:2gkz-7z4f
Chicago,IL,,101084518,PERMIT - RENOVATION/ALTERATION,ACTIVE,2026-09-16,2026-06-17,2026-09-16,151112046.0,,400 S LA SALLE ST,,41.87680832019603,-87.63191630640748,,,,confirmed,68.0,,expansion,data_center|valuation>=100_000_000|-demolition_only,PHASE 3 OF 3: INTERIOR ALTERATIONS TO EXISTING 7-STORY OFFICE BUILDING TO CONVERT TO A DATA CENTER. WORK TO INCLUDE NEW EQUIPMENT WITH ASSOCIATED MEP UPGRADES. PHASE 1 DEMOLITION ONLY WORK PERMITTED UNDER 101083036. PHASE 2 INFRASTRUCTURE WORK PERMITTED UNDER 101081181. IA CONSTRUCTION; B-BUSINESS,socrata:data.cityofchicago.org:ydr8-5enu
Chicago,IL,,101074646,PERMIT - RENOVATION/ALTERATION,ACTIVE,2026-02-13,2025-10-13,2026-02-13,18000000.0,,2538 S WABASH AVE,,41.846255634979215,-87.62548979238896,,,,confirmed,66.0,,new_build,data_center|valuation>=10_000_000,"DDS / 2019 CBRC: 2-STORY BUILDING ADDITION TO AN EXISTING 2-STORY BUILDING FOR NEW DATA CENTER, TO INCLUDE AT-GRADE PARKING LOT (29 PARKING SPACES) AND ASSOCIATED SITE WORK AS PER PLANS. (FOUNDATION PERMIT: 101068390) CONSULTANT REVIEWER: V3 COMPANIES OF IL",socrata:data.cityofchicago.org:ydr8-5enu
Mesa,AZ,,PMT25-11502,Tenant Improvement (Interior Only),Issued,2025-10-21,,2025-10-21,8371866.12,25396.0,3856 S EVERTON TERR,,33.344193,-111.618781,,Hunter West,HOLDER CONSTRUCTION GROUP LLC,confirmed,66.0,,fitout,data_hall|megawatt,"Tenant fitout of Tower3 Sector A, 1st level only, approx 25,396 SF (3-story) within existing Edgecore PH02 building, type I-B construction, group B, S-1 and S-2 occupancy. Modification scope includes fit out of 6 MW data hall space with racks and associated electrical. Special inspection req. - concrete, fire-resistant & joints, post installed anchors. Deferred fire sprinklers and fire alarm. REF: PMT24-16768 - PH02 Tower1 TFO, PMT25-06684 Tower2 TFO, PMT23-20558 PH02-Phase1 Shell PMT24-13760 PH02-Phase2 Shell, PMT24-20204 PH02-Phase3 Shell. Phasing plan. Results CoO at completion of all phases. This permit result in TCO.",socrata:citydata.mesaaz.gov:2gkz-7z4f
Chicago,IL,,101070387,PERMIT - RENOVATION/ALTERATION,ACTIVE,2025-08-19,2025-06-16,2025-08-19,17854000.0,,427 S LA SALLE ST,,41.87621600724368,-87.6316021355216,,,,confirmed,66.0,,fitout,data_center|valuation>=10_000_000,DDS / 2019 CBRC: INTERIOR ALTERATIONS TO 2ND FLOOR TENANT SPACE (SUITE201) IN AN EXISTING DATA CENTER AS PER PLANS.(OCCUPANCY GROUP: B / TYPE 1A CONSTRUCTION) CONSULTANT REVIEWER: V3 COMPANIES OF IL,socrata:data.cityofchicago.org:ydr8-5enu
Mesa,AZ,,PMT23-17942,Other Commercial,Issued,2025-06-12,,2025-06-12,35000000.0,,3412 S SOSSAMAN RD,,,,,Jack Duren,,confirmed,66.0,,other,data_center|valuation>=10_000_000,80-MW Data Center. HVAC and Plumbing for Project Red Hawk,socrata:citydata.mesaaz.gov:2gkz-7z4f
Chicago,IL,,101063390,PERMIT - RENOVATION/ALTERATION,COMPLETE,2025-03-27,2024-12-26,2025-03-27,20668090.0,,1432 S CLINTON ST,,41.86262022335638,-87.64070114060304,,,,confirmed,66.0,,fitout,data_center|valuation>=10_000_000,"DDS / 2019 CBRC: INITIAL TENANT BUILD-OUT OF LEVEL 2 OF AN EXISTING FOUR (4) STORY DATA CENTER TO INCLUDE ELECTRICAL & MECHANICAL INFRASTRUCTURE ON LEVELS 1, 3 & 4 AS PER PLANS. (OCCUPANCY GROUP: B / CONSTRUCTION CLASSIFICATION: 1B) CONSULTANT REVIEWER: GLOBETROTTERS ENGINEERING",socrata:data.cityofchicago.org:ydr8-5enu
Mesa,AZ,,PMT24-11833,Commercial/Industrial Projects,Issued,2025-03-12,,2025-03-12,10985651.92,11638.0,7232 E ELLIOT RD,,33.350771,-111.678122,,Nicholas Cross,"CALIENTE CONSTRUCTION, INC",confirmed,66.0,,other,data_center|valuation>=10_000_000,"The RedHawk HUB is a one-story, office support building serving the RedHawk Data Center campus located at the intersection of Sossaman and Elliot Road, located within the Red Hawk Opportunity District (RHEOD). This permit is for 11,638 SF, Group B occupancy, Type V-B construction office building. New work consists mostly of open office spaces, meeting rooms, and some small amenity spaces such as a Micro Kitchen and Outdoor patio space. Deferred fire sprinklers and fire alarms. No new water meter. No new Electrical meter. results in CoO.",socrata:citydata.mesaaz.gov:2gkz-7z4f
Texas,TX,,24-07008,Remodeling of Existing Structure,,2024-07-29,,2024-07-29,39293550.0,,,75074,,,ALIGNED DATA CENTERS (DFW) PROPCO LLC,,ALIGNED DATA CENTERS,confirmed,66.0,,other,data_center|valuation>=10_000_000,,socrata:data.texas.gov:82ee-gbj5
Texas,TX,,23-21302,New Construction,,2024-07-18,,2024-07-18,40000000.0,,,75024,,,DB DATA CENTER PLANO LLC,,TELIOS DATA BANK BLDG 2,confirmed,66.0,,new_build,data_center|valuation>=10_000_000,,socrata:data.texas.gov:82ee-gbj5
Chicago,IL,,101003044,PERMIT - NEW CONSTRUCTION,COMPLETE,2023-09-22,2023-02-01,2023-09-22,18000000.0,,1432 S CLINTON ST,,41.86262022335638,-87.64070114060304,,,,confirmed,66.0,,new_build,data_center|valuation>=10_000_000,(DIRECT DEVELOPER SERVICES) 1ST TIME TENANT BUILD-OUT OF LEVEL 3 OF AN EXISTING FOUR (4) STORY DATA CENTER TO INCLUDE ELECTRICAL INFRASTRUCTURE & WATER STORAGE TANK ON LEVEL 1 AS PER PLANS. (OCCUPANCY CLASSIFICATION: B / CONSTRUCTION CLASSIFICATION: 1B) CONSULTANT REVIEWER: GLOBETROTTERS ENGINEERING,socrata:data.cityofchicago.org:ydr8-5enu
Chicago,IL,,101010054,PERMIT - RENOVATION/ALTERATION,COMPLETE,2023-06-26,2023-05-02,2023-06-26,10000000.0,,840 S CANAL ST,,41.870881086303676,-87.63946028564607,,,,confirmed,66.0,,fitout,data_center|valuation>=10_000_000,"CBRC SPR 2019: INTERIOR ALTERATIONS TO AN EXISTING DATA CENTER AS PER PLANS ON BASEMENT, 1ST, 2ND, 3RD, 4TH, 7TH FLOOR AND ROOF EQUIPMENT REPLACEMENT. STRUCTURAL PEER REVIEW INCLUDED. (OCCUPANCY E / CONSTRUCTION TYPE 1A) **CERTIFIED PLANS CORRECTIONS: CONDITIONAL PERMIT SUBJECT TO FIELD INSPECTIONS **",socrata:data.cityofchicago.org:ydr8-5enu
Texas,TX,,22-15160,Addition to Existing Structure,,2023-02-13,,2023-02-13,30702261.0,,,75074,,,ALIGNED DATA CENTERS (DFW) PROPCO LLC,,ALIGNED DATA CENTERS CORE AND SHELL,confirmed,66.0,,new_build,data_center|valuation>=10_000_000,,socrata:data.texas.gov:82ee-gbj5
Austin,TX,AUSTIN FULL PURPOSE,2025-155325 EP,C-1001 Commercial Finish Out,Active,2026-03-19,2025-10-06,2026-03-19,,10000.0,7000 BURLESON RD BLDG B UNIT 100,78744,,,,,Prism Electric Inc,confirmed,65.0,,power_infrastructure,data_center|transformer_bank,ePlan: Commercial Expedited Review - Finish out to Expand Data Center into existing Shell Areas. Scope of Work Includes 2 AE Transformers. (10000 SF) AE inspector: TNFM 1&2 is the identifier till these meters become totalized. DB - MRT Address above is the totalized meters address. DB - MRT,socrata:datahub.austintexas.gov:3syk-w9eu
Austin,TX,AUSTIN FULL PURPOSE,2025-155325 MP,C-1001 Commercial Finish Out,Active,2026-01-12,2025-10-06,2026-01-12,,10000.0,7000 BURLESON RD BLDG B UNIT 100,78744,,,,,Airco Mechanical,confirmed,65.0,,power_infrastructure,data_center|transformer_bank,ePlan: Commercial Expedited Review - Finish out to Expand Data Center into existing Shell Areas. Scope of Work Includes 2 AE Transformers. (10000 SF),socrata:datahub.austintexas.gov:3syk-w9eu
Austin,TX,AUSTIN FULL PURPOSE,2025-155325 PP,C-1001 Commercial Finish Out,Active,2026-01-08,2025-10-06,2026-01-08,,10000.0,7000 BURLESON RD BLDG B UNIT 100,78744,,,,,Airco Mechanical,confirmed,65.0,,power_infrastructure,data_center|transformer_bank,ePlan: Commercial Expedited Review - Finish out to Expand Data Center into existing Shell Areas. Scope of Work Includes 2 AE Transformers. (10000 SF),socrata:datahub.austintexas.gov:3syk-w9eu
Austin,TX,AUSTIN FULL PURPOSE,2025-155325 BP,C-1001 Commercial Finish Out,Active,2025-12-18,2025-10-06,2025-12-18,,10000.0,7000 BURLESON RD BLDG B UNIT 100,78744,,,,Preston Flynn,,confirmed,65.0,,power_infrastructure,data_center|transformer_bank,ePlan: Commercial Expedited Review - Finish out to Expand Data Center into existing Shell Areas. Scope of Work Includes 2 AE Transformers. (10000 SF),socrata:datahub.austintexas.gov:3syk-w9eu
Austin,TX,AUSTIN,2025-155325 BP,Building Permit,Active,2025-12-18,2025-10-06,2025-12-18,,,POINT(-97.70694568 30.20002804),78744,30.20002804,-97.70694568,,,,confirmed,65.0,,power_infrastructure,data_center|transformer_bank,ePlan: Commercial Expedited Review - Finish out to Expand Data Center into existing Shell Areas. Scope of Work Includes 2 AE Transformers. (10000 SF),socrata:datahub.austintexas.gov:quv8-5ckq
Los Angeles,CA,,,Bldg-Alter/Repair,Permit Finaled,2023-08-28,2023-01-26,2023-08-28,978000.0,,200 E BAUCHET ST,90012,34.05937,-118.23534,,,,confirmed,63.75,,other,data_center|computer_room,Supplemental permit for Proposed suspended ceiling system to existing computer room/office data center.,socrata:data.lacity.org:pi9x-tg5x
Chicago,IL,,101081181,PERMIT - RENOVATION/ALTERATION,PHASED PERMITTING,2026-07-06,2026-05-08,2026-07-06,51100000.0,,400 S LA SALLE ST,,41.87680832019603,-87.63191630640748,,,,confirmed,62.0,,expansion,data_center|valuation>=50_000_000|-demolition_only,"DDS 2019 CBRC: PHASE 2 OF 3: INFRASTRUCTURE UPGRADES. CONVERT 7 STORY OFFICE BUILDING TO A DATA CENTER. REINFORCEMENT OF EXISTING FLOORS. ARCHITECTURAL PLANS PROVIDED FOR REFERENCE. ELECTRICAL WORK LIMITED TO ELECTRICAL DISTRIBUTION FROM COMED VAULT TO UPPER FLOORS. MECHANICAL, PLUMBING AND FIRE PROTECTION WORK TO BE PERMITTED UNDER PHASE 3. EQUIPMENT TO BE PERMITTED UNDER PHASE 3. PHASE 1 DEMOLITION ONLY WORK PERMITTED UNDER 101083036. IA CONSTRUCTION; B-BUSINESS CONSULTANT REVIEWER: V3 COMPANIES OF IL",socrata:data.cityofchicago.org:ydr8-5enu
New York City,NY,,,General Construction,Signed-off,2026-06-24,,2026-06-24,5000.0,,375 PEARL STREET,10038,40.710207,-74.001125,INTERGATE.MANHATTAN LLC,SABEY IGM CONSTRUCTION II,BURNHAM NATIONWIDE,confirmed,60.0,,equipment,data_center,"MODIFY EXISTING DATA CENTER LAYOUT WITH NEW INTERIOR METAL MESH CAGE PARTITIONS & DOORS FOR 6,234 SF OF SPACE. INSTALL DATA RACKS,CABLE TRAY, MODIFICATION OF LIGHTING PER NEW RACK LAYOUT. NO CHANGE TO USE EGRESS OR OCCUPANCY.",socrata:data.cityofnewyork.us:rbx6-tga4
Texas,TX,,26-04453,Remodeling of Existing Structure,,2026-06-22,,2026-06-22,1250000.0,,,75074,,,"ALIGNED DATA CENTERS (PLANO) PROPCO, LLC",,CONFERENCE ROOM,confirmed,60.0,,other,data_center,,socrata:data.texas.gov:82ee-gbj5
Austin,TX,AUSTIN FULL PURPOSE,2026-036762 EP,C- 329 Com Structures Other Than Bldg,Active,2026-05-20,2025-09-30,2026-05-20,,,811 CLAYTON LN,78752,30.32198016,-97.70983363,,,Exceed Electrical Contracting,confirmed,60.0,,new_build,data_center,ePlan: Commercial Expedited Review - [APPROVED] New Construction of Exterior Pad for Modular Data Center Foundation.,socrata:datahub.austintexas.gov:3syk-w9eu
New York City,NY,,,Plumbing,Permit Issued,2026-05-20,,2026-05-20,1000000.0,,1470 MADISON AVENUE,10029,40.790857,-73.952864,Mount Sinai Health System,CARDOZA PLUMBING CORP,"MPEX, CO.",confirmed,60.0,,expansion,data_center,"Mount Sinai - Hess Data Center Chilled Water Expansion Project Phase 2 - Plumbing modifications on 11th, and 11th Floor Mezzanine as shown on plans filed herewith. No change in egress, occupancy or use.",socrata:data.cityofnewyork.us:rbx6-tga4
Austin,TX,AUSTIN FULL PURPOSE,2026-036762 BP,C- 329 Com Structures Other Than Bldg,Active,2026-03-27,2025-09-30,2026-03-27,1000000.0,,811 CLAYTON LN,78752,30.32198016,-97.70983363,,Matt Mullen,Novo Construction **Main**,confirmed,60.0,,new_build,data_center,ePlan: Commercial Expedited Review - [APPROVED] New Construction of Exterior Pad for Modular Data Center Foundation.,socrata:datahub.austintexas.gov:3syk-w9eu
Austin,TX,AUSTIN,2026-036762 BP,Building Permit,Active,2026-03-27,2025-09-30,2026-03-27,1000000.0,,POINT(-97.70983293 30.32197904),78752,30.32197904,-97.70983293,,,,confirmed,60.0,,new_build,data_center,ePlan: Commercial Expedited Review - [APPROVED] New Construction of Exterior Pad for Modular Data Center Foundation.,socrata:datahub.austintexas.gov:quv8-5ckq
New York City,NY,,,Mechanical Systems,Permit Issued,2026-03-26,,2026-03-26,5000000.0,,1470 MADISON AVENUE,10029,40.790857,-73.952864,Mount Sinai Health System,AMF MECHANICAL SYSTEMS CO,"OUTSOURCE CONSULTANTS, INC.",confirmed,60.0,,expansion,data_center,"Mount Sinai - Hess Data Center Chilled Water Expansion Project Phase 2 - Mechanical modifications on 1st, 3rd, 9th, 11th, and 11th Floor Mezzanine as shown on plans filed herewith. No change in egress, occupancy or use.",socrata:data.cityofnewyork.us:rbx6-tga4
New York City,NY,,,Structural,Permit Issued,2026-02-06,,2026-02-06,62500.0,,2 METROTECH CENTER,11201,40.693735,-73.985889,CBRE,AMA DESIGN BUILD LLC,JAM CONSULTANTS INC.,confirmed,60.0,,other,data_center,Installation of reinforcing steel to support additional weight of data center racking and equipment.,socrata:data.cityofnewyork.us:rbx6-tga4
New York City,NY,,,Mechanical Systems,Signed-off,2026-01-28,,2026-01-28,540000.0,,32 AVENUE OF THE AMERICAS,10013,40.719613,-74.005173,"RUDIN MANAGEMENT CO., INC.",JACO MECHANICAL INC,,confirmed,60.0,,other,data_center,Air conditioning unit replacement on the 7th floor Data Center. No change in use egress and occupancy.,socrata:data.cityofnewyork.us:rbx6-tga4
Chicago,IL,,101074781,PERMIT - RENOVATION/ALTERATION,ACTIVE,2025-12-11,2025-10-23,2025-12-11,700000.0,,2800 S ASHLAND AVE,,41.84083718176195,-87.66597033174237,,,,confirmed,60.0,,fitout,data_center,"SPR 2019 CBRC: 1ST FLOOR INTERIOR AND EXTERIOR ALTERATIONS IN EXISTING 2-STORY DATA CENTER BUILDING ON THE 1ST FLOOR FOR ADDITIONAL COOLING IN PH1. SELECT DEMOLITION INTERIOR PARTION RENOVATION, STRUCTURAL, MECHANICAL AND ELECTRICAL WORK AS PER PLANS. (OCCUPANCY GROUP B; TYPE IIA CONSTRUCTION) (STRUCTURAL PEER REVIEW) **CERTIFIED PLANS CORRECTIONS: CONDITIONAL PERMIT SUBJECT TO FIELD INSPECTIONS **",socrata:data.cityofchicago.org:ydr8-5enu
New York City,NY,,,Structural,Signed-off,2025-11-21,,2025-11-21,430000.0,,375 PEARL STREET,10038,40.710207,-74.001125,SABEY DATA CENTERS,VIKING RESTORATION SVCE,Hierarch-E LLC,confirmed,60.0,,other,data_center,"Herewith filing for related structural work as per the drawings. No change in use, egress or occupancy.",socrata:data.cityofnewyork.us:rbx6-tga4
New York City,NY,,,Sprinklers,Permit Issued,2025-11-12,,2025-11-12,55000.0,,198 EAST 161 STREET,10451,40.826354,-73.921024,DCAS,WDF INC,,confirmed,60.0,,other,data_center,Relocating sprinkler heads to match new architectural layout at 4th floor data center,socrata:data.cityofnewyork.us:rbx6-tga4
Mesa,AZ,,PMT25-13993,Tenant Improvement (Interior Only),Issued,2025-10-27,,2025-10-27,132179.2,170.0,10256 E ELLIOT RD,,33.35516,-111.612275,,Allison English,KW CONTRACTORS INC (FN),confirmed,60.0,,fitout,data_center,"Tenant improvement to create a 170 SF office within existing B occupancy office area in 235,550 SF, type II-B, group S-1 and B occupancy PH3/Bldg 7 Data Center Facility. Modification include new walls, doors, ceiling and lighting and associated mechanical and electrical scope. Deferred fire alarm. Results in CoC.",socrata:citydata.mesaaz.gov:2gkz-7z4f
New York City,NY,,,Structural,Permit Issued,2025-10-21,,2025-10-21,250005.0,,198 EAST 161 STREET,10451,40.826354,-73.921024,DCAS,AWL INDUSTRIES INC,,confirmed,60.0,,other,data_center,New dunnage framing for mechanical equipment on 2nd floor roof. New steel supports for 4th floor data center equipment.,socrata:data.cityofnewyork.us:rbx6-tga4
Mesa,AZ,,PMT25-12302,Other Commercial,Issued,2025-10-14,,2025-10-14,203178.93,,8807 E WARNER RD,,33.333498,-111.642492,,Justin Furlong,Everon LLC,confirmed,60.0,,new_build,data_center,New access control systems at parking lot gates and building multiple doors of new data center building. All doors are free egress. Approved with stipulations. See comments. Results in CoC.,socrata:citydata.mesaaz.gov:2gkz-7z4f
New York City,NY,,,Suspended Scaffold,Signed-off,2025-10-14,,2025-10-14,,,375 PEARL STREET,10038,40.710207,-74.001125,SABEY DATA CENTERS,AMERICAN VENTILATION SERV,,confirmed,60.0,,other,data_center,Suspended scaffold installation and use as per plans filed herewith.,socrata:data.cityofnewyork.us:rbx6-tga4
New York City,NY,,,General Construction,Permit Issued,2025-09-26,,2025-09-26,1250000.0,,1 CENTRE STREET,10007,40.713001,-74.004181,DCAS,CONTRACT & HOSPITALITY,,confirmed,60.0,,other,data_center,"REMOVE AND INSTALL INTERIOR PARITIONS, DOORS AND CEILINGS AT 12 FLOOR DATA CENTER. NO CHANGE TO USE, EGRESS, OR OCCUPANCY.",socrata:data.cityofnewyork.us:rbx6-tga4
Mesa,AZ,,PMT25-07493,Commercial/Industrial Projects,Issued,2025-09-17,,2025-09-17,,,10464 E PECOS RD,,33.292231,-111.608239,,Kimley-Horn,RYAN COMPANIES,confirmed,60.0,,new_build,data_center,Phase2-Building1. Civil Improvement Plans for New Data Center Building on existing campus. REF: PMT24-15709 Phase1-Building2 and REF: PMT24-15751 for Phase1 - Site improvements. 2-INCH LANDSCAPE WATER METER INCLUDED IN PMT24-15709. NO WATER METER INCLUDED WITH THIS PERMIT.,socrata:citydata.mesaaz.gov:2gkz-7z4f
Austin,TX,AUSTIN FULL PURPOSE,2025-090060 MP,C-1000 Commercial Remodel,Final,2025-07-23,2025-05-15,2025-07-23,,1609.0,7301 METRO CENTER DR UNIT 300,78744,30.20979469,-97.69785156,,,Mechanical Technical Services LP,confirmed,60.0,,fitout,data_center,THE INSTALL OF MECHANICAL ELECTRICAL AND PLUMBING ENGINEERING ASSOCIATED WITH ADDING A DATA CENTER INSIDE THE EXISTING CLIENTS FACILITY. ALL WALLS CEILINGS DOORS ARE EXISTING.,socrata:datahub.austintexas.gov:3syk-w9eu
Austin,TX,AUSTIN FULL PURPOSE,2025-090060 EP,C-1000 Commercial Remodel,Final,2025-07-22,2025-05-15,2025-07-22,,1609.0,7301 METRO CENTER DR UNIT 300,78744,30.20979469,-97.69785156,,,,confirmed,60.0,,fitout,data_center,THE INSTALL OF MECHANICAL ELECTRICAL AND PLUMBING ENGINEERING ASSOCIATED WITH ADDING A DATA CENTER INSIDE THE EXISTING CLIENTS FACILITY. ALL WALLS CEILINGS DOORS ARE EXISTING.,socrata:datahub.austintexas.gov:3syk-w9eu
Austin,TX,AUSTIN FULL PURPOSE,2025-090060 BP,C-1000 Commercial Remodel,Final,2025-07-21,2025-05-15,2025-07-21,,1609.0,7301 METRO CENTER DR UNIT 300,78744,30.20979469,-97.69785156,,Bryan Kent,DPR Construction *MAIN**,confirmed,60.0,,fitout,data_center,THE INSTALL OF MECHANICAL ELECTRICAL AND PLUMBING ENGINEERING ASSOCIATED WITH ADDING A DATA CENTER INSIDE THE EXISTING CLIENTS FACILITY. ALL WALLS CEILINGS DOORS ARE EXISTING.,socrata:datahub.austintexas.gov:3syk-w9eu
Austin,TX,AUSTIN,2025-090060 BP,Building Permit,Final,2025-07-21,2025-05-15,2025-07-21,,,POINT(-97.69785156 30.20979469),78744,30.20979469,-97.69785156,,,,confirmed,60.0,,fitout,data_center,THE INSTALL OF MECHANICAL ELECTRICAL AND PLUMBING ENGINEERING ASSOCIATED WITH ADDING A DATA CENTER INSIDE THE EXISTING CLIENTS FACILITY. ALL WALLS CEILINGS DOORS ARE EXISTING.,socrata:datahub.austintexas.gov:quv8-5ckq
Mesa,AZ,,PMT24-15751,Commercial/Industrial Projects,Issued,2025-04-09,,2025-04-09,,,10464 E PECOS RD,,33.292231,-111.608239,,Kimley-Horn,RYAN COMPANIES,confirmed,60.0,,new_build,data_center,SITE IMPROVEMENTS FOR NEW DATA CENTER BUILDING REF PMT24-15709. DEFERRED ELECTRICAL VEHICLE GATES. DOMESTIC WATER METERS UNDER PMT24-15709. 2-INCH LANDSCAPE WATER METER INCLUDED IN PMT24-15709.,socrata:citydata.mesaaz.gov:2gkz-7z4f
Mesa,AZ,,PMT23-19122,Commercial/Industrial Projects,Issued,2025-02-23,,2025-02-23,,,3261 S HAWES RD,,33.354696,-111.652901,,Greg Brown,WESPAC CONSTRUCTION INC,confirmed,60.0,,other,data_center,Offsite improvement of Hawes Road as required to support the construction of private data center project.,socrata:citydata.mesaaz.gov:2gkz-7z4f
Chicago,IL,,B200410967,PERMIT – EXPRESS PERMIT PROGRAM,COMPLETE,2025-01-17,2025-01-15,2025-01-17,1349333.0,,2800 S ASHLAND AVE,,41.84083718176195,-87.66597033174237,,,,confirmed,60.0,,equipment,data_center,LINE VOLTAGE ELECTRICAL WORK. ADD 284 CIRCUITS TO EXISTING 6014 AMP SERVICE DISCONNECTING MEANS. RECEPTACLE OUTLETS: 284 . LIGHTING OUTLETS: 0. SPECIFIC LOCATION: DATA CENTER RACKS.,socrata:data.cityofchicago.org:ydr8-5enu
Chicago,IL,,101060973,PERMIT - NEW CONSTRUCTION,SUSPENDED,2024-12-04,2024-10-30,2024-12-04,36000.0,,1432 S CLINTON ST,,41.86262022335638,-87.64070114060304,,,,confirmed,60.0,,new_build,data_center,DDS / 2019 CBRC: REVISION TO PERMIT 101003044 FOR MODIFICATIONS TO ELECTRICAL EQUIPMENT VOLTAGE AND ASSOCIATED CABLING IN AN EXISTING FOUR (4) STORY DATA CENTER AS PER PLANS. (OCCUPANCY GROUP: B / TYPE 1B CONSTRUCTION). CONSULTANT REVIEWER: GLOBETROTTERS ENGINEERING,socrata:data.cityofchicago.org:ydr8-5enu
Chicago,IL,,101052519,PERMIT - RENOVATION/ALTERATION,COMPLETE,2024-10-28,2024-06-04,2024-10-28,9899877.0,,350 E CERMAK RD,,41.85311814898232,-87.61862204741678,,,,confirmed,60.0,,fitout,data_center,"SPR 2019 CBRC: INTERIOR ALTERATIONS TO 3RD FLOOR DATA CENTER SUITES 355 AND 365. WORK TO INCLUDE NEW PARTITIONS, MECHANICAL, ELECTRICAL AND PLUMBING AS PER PLANS. (1B CONSTRUCTION. B-BUSINESS)",socrata:data.cityofchicago.org:ydr8-5enu
Chicago,IL,,101048325,PERMIT - RENOVATION/ALTERATION,SUSPENDED,2024-07-22,2024-04-19,2024-07-22,209300.0,,1432 S CLINTON ST,,41.86262022335638,-87.64070114060304,,,,confirmed,60.0,,fitout,data_center,(DIRECT DEVELOPER SERVICES / 2019 CBRC) REVISION TO PERMIT 101003044 FOR LAYOUT MODIFICATIONS ON LEVELS 2 AND 3 TO INCLUDE STRUCTURAL WORK IN AN EXISTING FOUR (4) STORY DATA CENTER AS PER PLANS. (OCCUPANCY CLASSIFICATION: B / CONSTRUCTION CLASSIFICATION: 1B) CONSULTANT REVIEWER:GLOBETROTTERS ENGINEERING,socrata:data.cityofchicago.org:ydr8-5enu
Williamson County,TX,,COM24-00000,Finish Out,Inactive,2024-06-21,,2024-06-21,,,"1300 LOUIS HENNA BLVD, UNIT #3, ROUND ROCK, TX 78664",,,,,,,confirmed,60.0,,other,data_center,"SABEY DATA CENTER - 220,000 SF//$3250000",socrata:data.wcad.org:fqhf-gyjx
Chicago,IL,,101046727,PERMIT - RENOVATION/ALTERATION,PHASED PERMITTING,2024-05-09,2024-03-19,2024-05-09,323985.0,,350 E CERMAK RD,,41.85311814898232,-87.61862204741678,,,,confirmed,60.0,,fitout,data_center,"SPR 2019 CBRC: INTERIOR DEMOLITION OF NON LOAD BEARING PARTITIONS AND CEILING, REMOVE UNDERFLOOR, REMOVE ELECTRICAL AND MECHANICAL EQUIPMENT IN EXISTING 3RD FLOOR DATA CENTER OFFICE AS PER PLANS. (1B CONSTRUCTION. B-BUSINESS)**CONDITIONAL PERMIT SUBJECT TO FIELD INSPECTIONS)",socrata:data.cityofchicago.org:ydr8-5enu
Chicago,IL,,B200013344,PERMIT – EXPRESS PERMIT PROGRAM,SUSPENDED,2024-04-11,2024-04-05,2024-04-11,200000.0,,840 S CANAL ST,,41.870881086303676,-87.63946028564607,,,,confirmed,60.0,,expansion,data_center,"SCOPE: NONSTRUCTURAL INTERIOR ALTERATION.LOCATIONS: 0 RESIDENTIAL UNIT(S), 1 NON-RESIDENTIAL UNIT(S), 7TH FLOOR. EXPANSION OF EXISTING 7TH FLOOR OFFICE SPACE IN AN EXISTING DATA CENTER. WORK TO INCLUDE MECHANICAL (VAVS) AND ELECTRICAL. NO STRUCTURAL WORK. INSTALL NEW FINISHES AND",socrata:data.cityofchicago.org:ydr8-5enu
Williamson County,TX,,MSC24-00015,Miscellaneous,Inactive,2024-03-13,,2024-03-13,,,"1300 LOUIS HENNA BLVD, UNIT #2, ROUND ROCK, TX 78664",,,,,,,confirmed,60.0,,other,data_center,Sabey Data Center Bldg 1 - Freight elevator ONLY,socrata:data.wcad.org:fqhf-gyjx
Chicago,IL,,B101044630,PERMIT – EXPRESS PERMIT PROGRAM,COMPLETE,2024-03-11,2024-02-21,2024-03-11,650000.0,,840 S CANAL ST,,41.870881086303676,-87.63946028564607,,,,confirmed,60.0,,other,data_center,"**FIRE ALARM PERMIT**INSTALLATION OF A PRE-ACTION SYSTEM SERVING BSMT, 1ST, 2ND, 3RD, 4TH, AND 7TH FLOORS OF A HIGH-RISE CLASS-E BUSINESS BUILDING. DATA CENTER SHALL BE PROTECTED WITH VESDA SAMPLING DETECTION.",socrata:data.cityofchicago.org:ydr8-5enu
Texas,TX,,24-0836,Miscellaneous,,2024-03-06,,2024-03-06,450000.0,,,75013,,,900 GUARDIANS WAY LLC,,EVOQUE DATA CENTER,confirmed,60.0,,other,data_center,,socrata:data.texas.gov:82ee-gbj5
Mesa,AZ,,PMT23-18893,Commercial/Industrial Projects,Issued,2024-02-13,,2024-02-13,9000000.0,,3856 S EVERTON TERR,,33.344193,-111.618781,,Hunter West,HOLDER CONSTRUCTION GROUP LLC,confirmed,60.0,,new_build,data_center,"**EXPEDITE**Civil/Landscape permit set for review prior to requesting an at-risk grating permit to support the future construction of a new data center. New 1"" landscape meter. Two 2"" domestic meters under related building permit PMT23-20558.",socrata:citydata.mesaaz.gov:2gkz-7z4f
Austin,TX,AUSTIN FULL PURPOSE,2024-010770 EP,C-1000 Commercial Remodel,Final,2024-02-12,2023-11-28,2024-02-12,,11000.0,1300 PARK CENTER DR UNIT MSB2,78753,30.34055467,-97.68514379,,,ALTERMAN INC,confirmed,60.0,,fitout,data_center,Upgrade dual feed going to Home Depot Data Center,socrata:datahub.austintexas.gov:3syk-w9eu
Austin,TX,AUSTIN FULL PURPOSE,2024-010770 BP,C-1000 Commercial Remodel,Final,2024-02-12,2023-11-28,2024-02-12,,11000.0,1300 PARK CENTER DR UNIT MSB2,78753,30.34055467,-97.68514379,,Araceli Rubio,ALTERMAN INC,confirmed,60.0,,fitout,data_center,Upgrade dual feed going to Home Depot Data Center,socrata:datahub.austintexas.gov:3syk-w9eu
Austin,TX,AUSTIN,2024-010770 BP,Building Permit,Final,2024-02-12,2023-11-28,2024-02-12,,,POINT(-97.68514379 30.34055467),78753,30.34055467,-97.68514379,,,,confirmed,60.0,,fitout,data_center,Upgrade dual feed going to Home Depot Data Center,socrata:datahub.austintexas.gov:quv8-5ckq
Austin,TX,AUSTIN,2024-004218 BP,Building Permit,Final,2024-01-17,2023-11-27,2024-01-17,,,POINT(-97.71250526 30.19899507),78744,30.19899507,-97.71250526,,,,confirmed,60.0,,fitout,data_center,THE PROJECT IS A TENANT IMPROVEMENT OF AN EXISTING BLDG TO ADD ADDITIONAL POWER AND COOLING CAPACITY OF THE FACILITY. NEW MECHANICAL AND ECTRICAL EQUIPMENT WILL BE ADDED TO PROVIDE SUPPORT OF NEW EQUIPMENT FOR POD 2 DATA CENTER AREA.,socrata:datahub.austintexas.gov:quv8-5ckq
Chicago,IL,,101032108,PERMIT - RENOVATION/ALTERATION,PHASED PERMITTING,2024-01-16,2023-09-28,2024-01-16,390000.0,,155 N MICHIGAN AVE,,41.88463624920333,-87.62431388722874,,,,confirmed,60.0,,fitout,data_center,"SELF-CERT 2019 CBRC: NON-STRUCTURAL INTERIOR DEMOLITION, INCLUDING REMOVAL OF MEP SYSTEMS, IN EXISTING OFFICE BUILDING ON THE 2ND, 3RD FLOORS, AND BASEMENT FOR EXISTING SINGLE DATA CENTER TENANT AS PER PLANS. (OCCUPANCY GROUP B; TYPE 1A CONSTRUCTION)",socrata:data.cityofchicago.org:ydr8-5enu
Texas,TX,,23-16831,Remodeling of Existing Structure,,2023-12-21,,2023-12-21,7165000.0,,,75074,,,ALIGNED DATA CENTERS (DFW) PROPCO LLC,,ALIGNED DATA CENTERS,confirmed,60.0,,other,data_center,,socrata:data.texas.gov:82ee-gbj5
Chicago,IL,,B101006871,PERMIT – EXPRESS PERMIT PROGRAM,COMPLETE,2023-10-18,2023-02-27,2023-10-18,140000.0,,717 S WELLS ST,,41.87296747271569,-87.63344780864057,,,,confirmed,60.0,,other,data_center,**FIRE ALARM PERMIT**INSTALLATION OF FIRE ALARM SYSTEM IN DATA CENTER ON 9TH FLOOR. CONNECTION TO EXISTING APPROVED HIGH-RISE FIRE ALARM & VOICE SYSTEM.,socrata:data.cityofchicago.org:ydr8-5enu
Chicago,IL,,101022776,PERMIT - RENOVATION/ALTERATION,COMPLETE,2023-10-17,2023-07-05,2023-10-17,300000.0,,350 E CERMAK RD,,41.85311814898232,-87.61862204741678,,,,confirmed,60.0,,fitout,data_center,"SPR 2019 CBRC: INTERIOR DEMO OF PARTITIONS, MECHANICAL PIPING, ELECTRICAL (ENTIRE FLOOR). NEW WORK TO INCLUDE NEW PARTITIONS, DOORS, MECHANICAL PIPING AT 3RD FLOOR TELECOM ROOM CONVERTING TO INACTIVE STORAGE AT EXISTING DATA CENTER; ELECTRICAL WORK THROUGHOUT THE 3RD FLOOR DATA CENTER. 1B CONSTRUCTION. B-BUSINESS (NO PLUMBING WORK UNDER THIS PERMIT.)",socrata:data.cityofchicago.org:ydr8-5enu
Austin,TX,AUSTIN FULL PURPOSE,2023-036314 BP,C-1000 Commercial Remodel,Expired,2023-10-13,2023-03-01,2023-10-13,,1200.0,9010 NORTH LAKE CREEK PKWY,78717,30.48655197,-97.80194978,,Mark McDonald,CM Constructors *MAIN*,confirmed,60.0,,fitout,data_center,Electrical Connections for UPS and Data Center,socrata:datahub.austintexas.gov:3syk-w9eu
Austin,TX,AUSTIN,2023-036314 BP,Building Permit,Expired,2023-10-13,2023-03-01,2023-10-13,,,POINT(-97.801951 30.48655122),78717,30.48655122,-97.801951,,,,confirmed,60.0,,fitout,data_center,Electrical Connections for UPS and Data Center,socrata:datahub.austintexas.gov:quv8-5ckq
Texas,TX,,23-00605,Remodeling of Existing Structure,,2023-09-11,,2023-09-11,350000.0,,,75074,,,ALIGNED DATA CENTERS (DFW) PROPCO LLC,,ALIGNED DATA CENTERS,confirmed,60.0,,other,data_center,,socrata:data.texas.gov:82ee-gbj5
Austin,TX,AUSTIN FULL PURPOSE,2022-072978 BP,C-1000 Commercial Remodel,Final,2023-08-30,2022-04-25,2023-08-30,,7100.0,7301 METRO CENTER DR BLDG 15,78744,30.20979469,-97.69785156,,John Burk,Burk General Contractors LLC,confirmed,60.0,,fitout,data_center,Remodel existing data center and admin office areas,socrata:datahub.austintexas.gov:3syk-w9eu
Austin,TX,AUSTIN,2022-072978 BP,Building Permit,Final,2023-08-30,2022-04-25,2023-08-30,,,POINT(-97.69785156 30.20979469),78744,30.20979469,-97.69785156,,,,confirmed,60.0,,fitout,data_center,Remodel existing data center and admin office areas,socrata:datahub.austintexas.gov:quv8-5ckq
Los Angeles,CA,,,Bldg-Alter/Repair,Permit Finaled,2023-07-10,2023-02-24,2023-07-10,2000000.0,,5750 W WILSHIRE BLVD 1st FLR,90036,34.06227,-118.3542,,,,confirmed,60.0,,new_build,data_center,"Eplan. Interior tenant improvement on ground floor of existing office building, including demolition of existing walls and doors and construction of a new data center (approximately 1,741 SF).""COMPLY WITH DEPARTMENT ORDER effective date 06/23/2014. PERMIT WILL EXPIRE 30 DAYS FROM ISSUANCE DATE""",socrata:data.lacity.org:pi9x-tg5x
Williamson County,TX,,COMM2303-0009,Finish Out,Active,2023-07-06,,2023-07-06,,,"150 DELL WAY, ROUND ROCK, TX 78664",,,,,,,confirmed,60.0,,other,data_center,"COM// Switch Data Center - 198,662 Sq Ft//$23000000",socrata:data.wcad.org:fqhf-gyjx
Austin,TX,AUSTIN,2023-075434 BP,Building Permit,Final,2023-06-15,2023-05-24,2023-06-15,,,POINT(-97.71250526 30.19899507),78744,30.19899507,-97.71250526,,,,confirmed,60.0,,fitout,data_center,Interior Fit Out within an existing data center building. This is a finish out for previously approved and finaled 2022-173777 BP. This work is not in same area as any other open work in the building. Total Building is 280760 sqft.,socrata:datahub.austintexas.gov:quv8-5ckq
Chicago,IL,,101019278,PERMIT - EASY PERMIT PROCESS,,2023-06-05,2023-06-05,2023-06-05,,,80 W POLK ST,,41.87237058768509,-87.63036910402188,,,,confirmed,60.0,,other,data_center,INSTALL ONE TRANE 270 TON TEMPORARY CHILLER ON POLK STREET IN FRONT OF THE DATA BANK BUILDING SERVING THE DATA CENTER.,socrata:data.cityofchicago.org:ydr8-5enu
Texas,TX,,22-04511,Remodeling of Existing Structure,,2023-05-12,,2023-05-12,4000000.0,,,75024,,,DB DATA CENTER PLANO LLC,,DATA BANK PLANO,confirmed,60.0,,other,data_center,,socrata:data.texas.gov:82ee-gbj5
Chicago,IL,,101008767,PERMIT - RENOVATION/ALTERATION,PHASED PERMITTING,2023-04-25,2023-03-29,2023-04-25,200000.0,,840 S CANAL ST,,41.870881086303676,-87.63946028564607,,,,confirmed,60.0,,fitout,data_center,"SPR 2019: INTERIOR DEMO TO THE BASEMENT, 1ST, 2ND, 3RD, 7TH FLOORS AND REMOVAL OF EQUIPMENT AND DUNNAGE TO THE ROOF OF DATA CENTER AS PER PLANS. (OCCUPANCY E / CONSTRUCTION TYPE 1A)",socrata:data.cityofchicago.org:ydr8-5enu
Chicago,IL,,B101013826,PERMIT – EXPRESS PERMIT PROGRAM,COMPLETE,2023-04-21,2023-04-21,2023-04-21,4500000.0,,840 S CANAL ST,,41.870881086303676,-87.63946028564607,,,,confirmed,60.0,,other,data_center,REPURPOSE 2000 CIRCUITS IN THE EXISTING DATA CENTER ON THE 4TH FLOOR. JOB# 2750003,socrata:data.cityofchicago.org:ydr8-5enu
Texas,TX,,23-0878,Remodeling of Existing Structure,,2023-04-14,,2023-04-14,479960.0,,,75013,,,NEW CINGULAR WIRELESS HEADQUARTERS LLC,,AT&T DATA CENTER,confirmed,60.0,,other,data_center,,socrata:data.texas.gov:82ee-gbj5
Austin,TX,AUSTIN FULL PURPOSE,2023-036314 EP,C-1000 Commercial Remodel,Expired,2023-03-27,2023-03-01,2023-03-27,,1200.0,9010 NORTH LAKE CREEK PKWY,78717,30.48655197,-97.80194978,,,Schmidt Electric Co Inc,confirmed,60.0,,fitout,data_center,Electrical Connections for UPS and Data Center,socrata:datahub.austintexas.gov:3syk-w9eu
Chicago,IL,,100992862,PERMIT - RENOVATION/ALTERATION,EXPIRED,2023-02-10,2022-12-08,2023-02-10,450000.0,,350 E CERMAK RD,,41.85311814898232,-87.61862204741678,,,,confirmed,60.0,,fitout,data_center,"¿2019 SPR: INFILL EXISTING SHAFTS ON THE 2ND, 4TH, 6TH, AND 8TH FLOORS OF AN EXISTING DATA CENTER AS PER PLANS. STRUCTURAL PEER REVIEW INCLUDED. NO MEP WORK. (CONSTRUCTION TYPE: 1B / OCCUPANCY TYPE: BUSINESS)",socrata:data.cityofchicago.org:ydr8-5enu
Los Angeles,CA,,,Bldg-Alter/Repair,Permit Finaled,2023-02-08,2022-12-26,2023-02-08,50000.0,,1800 S AVENUE OF THE STARS Level F,90067,34.06095,-118.41786,,,,confirmed,60.0,,fitout,data_center,ePlan Tenant improvement to convert existing storage room at Garage level into data center,socrata:data.lacity.org:pi9x-tg5x
Chicago,IL,,101001319,PERMIT - RENOVATION/ALTERATION,EXPIRED,2023-02-03,2023-02-03,2023-02-03,40000.0,,840 S CANAL ST,,41.870881086303676,-87.63946028564607,,,,confirmed,60.0,,fitout,data_center,SC 2019 CBRC: INTERIOR ALTERATIONS TO EXISTING STORAGE AREA IN THE 4TH FLOOR OF AN EXISTING DATA CENTER AS PER PLANS. (OCCUPANCY E / CONSTRUCTION TYPE 3B),socrata:data.cityofchicago.org:ydr8-5enu
Chicago,IL,,100978838,PERMIT - RENOVATION/ALTERATION,COMPLETE,2023-01-09,2022-09-23,2023-01-09,8700000.0,,717 S WELLS ST,,41.87296747271569,-87.63344780864057,,,,confirmed,60.0,,fitout,data_center,"DDS 2019 CBRC: INTERIOR ALTERATIONS TO 9TH FLOOR BUSINESS DATA CENTER TO INCLUDE DEMO, NEW PARTITIONS, STRUCTURAL FRAMING, FIRE PROTECTION, MECHANICAL AND ELECTRICAL. MINOR STRUCTURAL WORK ON 10 AS PER PLANS. 1A CONSTRUCTION. S-1 OCCUPANCY. CONSULTANT REVIEWER: V3 COMPANIES OF IL",socrata:data.cityofchicago.org:ydr8-5enu
Austin,TX,AUSTIN FULL PURPOSE,2022-164968 PP,C-1000 Commercial Remodel,Final,2023-01-03,2022-10-07,2023-01-03,,1000.0,9825 SPECTRUM DR BLDG 4 UNIT 400,78717,,,,,,confirmed,60.0,,fitout,data_center,interior remodel existing data center/ admin office,socrata:datahub.austintexas.gov:3syk-w9eu
Chicago,IL,,100975202,PERMIT - RENOVATION/ALTERATION,EXPIRED,2022-12-05,2022-06-23,2022-12-05,450000.0,,2800 S ASHLAND AVE,,41.84083718176195,-87.66597033174237,,,,confirmed,60.0,,fitout,data_center,"DDS 2019 CBC: ALTERATIONS TO EXISTING 2-STORY DATA CENTER WEST LOADING DOCK TO INCLUDE NEW PLATFORM AND STAIR WITH STRUCTURAL SUPPORT, OVERHEAD DOOR, SITE EQUIPMENT PROTECTION, CIVIL GRADING AND PAVING, NEW LIGHTING AND SECURITY AS PER PLANS. (OCCUPANCY GROUP B; TYPE IIA CONSTRUCTION) CONSULTANT REVIEWER: THE CODE GROUP",socrata:data.cityofchicago.org:ydr8-5enu
Austin,TX,AUSTIN FULL PURPOSE,2022-164968 EP,C-1000 Commercial Remodel,Final,2022-11-15,2022-10-07,2022-11-15,,1000.0,9825 SPECTRUM DR BLDG 4 UNIT 400,78717,,,,,Big State Electrical,confirmed,60.0,,fitout,data_center,interior remodel existing data center/ admin office,socrata:datahub.austintexas.gov:3syk-w9eu
Williamson County,TX,,2022-164968 EP,Remodeling Of Existing Structure,Active,2022-11-15,,2022-11-15,,,"9825 SPECTRUM DR, BLDG #1, AUSTIN, TX 78717",,,,,,,confirmed,60.0,,fitout,data_center,interior remodel existing data center admin office//SqFt 1000,socrata:data.wcad.org:fqhf-gyjx
Austin,TX,AUSTIN FULL PURPOSE,2022-164968 BP,C-1000 Commercial Remodel,Final,2022-11-14,2022-10-07,2022-11-14,,1000.0,9825 SPECTRUM DR BLDG 4 UNIT 400,78717,,,,Ryan Torgerson,The Beck Group,confirmed,60.0,,fitout,data_center,interior remodel existing data center/ admin office,socrata:datahub.austintexas.gov:3syk-w9eu
Austin,TX,AUSTIN FULL PURPOSE,2022-164968 MP,C-1000 Commercial Remodel,Final,2022-11-14,2022-10-07,2022-11-14,,1000.0,9825 SPECTRUM DR BLDG 4 UNIT 400,78717,,,,,Mechanical Technical Services LP,confirmed,60.0,,fitout,data_center,interior remodel existing data center/ admin office,socrata:datahub.austintexas.gov:3syk-w9eu
Austin,TX,AUSTIN,2022-164968 BP,Building Permit,Final,2022-11-14,2022-10-07,2022-11-14,,,POINT(-97.77372942 30.48002712),78717,30.48002712,-97.77372942,,,,confirmed,60.0,,fitout,data_center,interior remodel existing data center/ admin office,socrata:datahub.austintexas.gov:quv8-5ckq
Williamson County,TX,,2022-164968 BP,Remodeling Of Existing Structure,Active,2022-11-14,,2022-11-14,,,"9825 SPECTRUM DR, BLDG #1, AUSTIN, TX 78717",,,,,,,confirmed,60.0,,fitout,data_center,interior remodel existing data center admin office//SqFt 1000,socrata:data.wcad.org:fqhf-gyjx
Williamson County,TX,,2022-164968 MP,Remodeling Of Existing Structure,Active,2022-11-14,,2022-11-14,,,"9825 SPECTRUM DR, BLDG #1, AUSTIN, TX 78717",,,,,,,confirmed,60.0,,fitout,data_center,interior remodel existing data center admin office//SqFt 1000,socrata:data.wcad.org:fqhf-gyjx
Chicago,IL,,B100974432,PERMIT – EXPRESS PERMIT PROGRAM,COMPLETE,2022-11-03,2022-06-02,2022-11-03,7900.0,,350 E CERMAK RD,,,,,,,confirmed,60.0,,other,data_center,**FIRE ALARM PERMIT********MAGLOCK/FIRE PERMIT REQUIRED 17762 INTERCONTINENTAL EXCHANGE 8TH FLOOR. INSTALLING 49 CARD READERS FOR NEW CONTAINMENT WALLS TO THE DATA CENTER.,socrata:data.cityofchicago.org:ydr8-5enu
Chicago,IL,,100989331,PERMIT - RENOVATION/ALTERATION,COMPLETE,2022-10-27,2022-10-13,2022-10-27,1000000.0,,320 S CANAL ST,,41.8773721295901,-87.63969229307136,,,,confirmed,60.0,,new_build,data_center,"SPR 2019 CBRC: INTERIOR ALTERATIONS TO AN EXISTING ROOM ON THE 3RD FLOOR FOR A NEW DATA CENTER, TO INCLUDE SELECTIVE DEMOLITION, AND NEW PARTITIONS, AS PER PLANS. (OCCUPANCY B; TYPE 1A CONSTRUCTION)",socrata:data.cityofchicago.org:ydr8-5enu
Austin,TX,AUSTIN FULL PURPOSE,2022-072978 MP,C-1000 Commercial Remodel,Final,2022-09-19,2022-04-25,2022-09-19,,7100.0,7301 METRO CENTER DR BLDG 15,78744,30.20979469,-97.69785156,,,2R Mechanical,confirmed,60.0,,fitout,data_center,Remodel existing data center and admin office areas,socrata:datahub.austintexas.gov:3syk-w9eu
Los Angeles,CA,,,Nonbldg-New,Permit Finaled,2025-04-25,2024-10-15,2025-04-25,75000.0,,2555 N BRIARCREST ROAD,90046,34.1189,-118.39266,,,,probable,58.0,,new_build,colocation|generators|fuel_storage,"eplan:Verizon Wireless WTF Colocation on Existing Tower: 12 new panel antennas, four (4) per sector, 12 new remote radio units (RRUs), four (4) per sector; and Installation of one (1) microwave antenna, installation of three (3) OVPs, installation of one (1) GPS antenna; and, Installation of one (1) 30 kw AC stand-by generator with a 168 gallon diesel tank on a new concrete pad inside the new chain link enclosure.",socrata:data.lacity.org:pi9x-tg5x
Mesa,AZ,,PMT23-19680,Other Commercial,C of C Issued,2023-12-05,,2023-12-05,29274434.1,230689.0,3856 S EVERTON TERR,,33.344193,-111.618781,,Hunter West,HOLDER CONSTRUCTION GROUP LLC,probable,58.0,,other,data_hall|valuation>=10_000_000|sqft>=200_000|veto_data_cabling,New 230689 SF Foundation for a future data hall. Includes under-slab sewer and concrete encased electrical conduit and data lines,socrata:citydata.mesaaz.gov:2gkz-7z4f
Texas,TX,,24-3153,New Construction,,2025-02-21,,2025-02-21,31000000.0,,,75082,,,BANK OF AMERICA NA,,MOD DATA HALL,probable,56.0,,new_build,data_hall|valuation>=10_000_000,,socrata:data.texas.gov:82ee-gbj5
Mesa,AZ,,PMT25-21174,Other Commercial,Issued,2025-12-09,,2025-12-09,,,3255 S 96TH ST,,33.355691,-111.626771,,Corey L Bush,"CDP DEVELOPMENT, INC.",probable,55.0,CyrusOne,power_infrastructure,operator:cyrusone|generators,"THIS IS A USE PERMIT FOR FOUR 12-FT X 60-FT TEMPORARY CONSTRUCTION FIELD OFFICE TRAILERS FOR USE BY CONTRACTORS WHILE A PERMANENT BUILDING IS UNDER CONSTRUCTION. THE CONSTRUCTION TRAILER MUST BE PLACED ONLY ON THE PROPERTY THAT IS BEING DEVELOPED AND OUT OF ALL BUILDING SETBACKS. NO PUBLIC USE IS PERMITTED. THIS USE PERMIT SHALL BE NON-TRANSFERABLE FROM ONE OWNER OR LESSEE TO ANOTHER AND SHALL EXPIRE ON DECEMBER 31, OF EACH YEAR UNLESS EARLIER REVOKED. ESTIMATED TIME OF CONSTRUCTION TRAILER REMOVAL IS MARCH 31,2026. NO SEWER OR WATER GENERATOR WILL RUN 24 HOURS, 7 DAYS A WEEK REF - BUILDING PERMIT NUMBER: PMT25-13240 PROJECT NAME: CyrusOne Mesa",socrata:citydata.mesaaz.gov:2gkz-7z4f
Austin,TX,AUSTIN FULL PURPOSE,2024-143672 EP,C-1000 Commercial Remodel,Expired,2025-05-23,2024-10-16,2025-05-23,,385.0,821 1/2 FAIRFIELD DR,78758,30.35582408,-97.70342018,,,C2 Electric LLC,probable,55.0,,power_infrastructure,colocation|generators,colocation of new carrier AT&T to existing Crown Castle telecommunications tower to include installation of antennas and associated equipment to tower and installation of ice bridge concrete pads and equipment platform for equipment cabinets and installation of 20KW diesel (54 gal tank) backup generator,socrata:datahub.austintexas.gov:3syk-w9eu
Austin,TX,AUSTIN FULL PURPOSE,2024-143672 BP,C-1000 Commercial Remodel,Expired,2025-03-07,2024-10-16,2025-03-07,,385.0,821 1/2 FAIRFIELD DR,78758,30.35582408,-97.70342018,,Antonio Moreno,JHC Ventures LLC,probable,55.0,,power_infrastructure,colocation|generators,colocation of new carrier AT&T to existing Crown Castle telecommunications tower to include installation of antennas and associated equipment to tower and installation of ice bridge concrete pads and equipment platform for equipment cabinets and installation of 20KW diesel (54 gal tank) backup generator,socrata:datahub.austintexas.gov:3syk-w9eu
Texas,TX,,22-14516,Remodeling of Existing Structure,,2024-09-20,,2024-09-20,10250000.0,,,75074,,,LI PLANO LLC,,FLEXENTIAL,probable,51.0,Flexential,other,operator:flexential|valuation>=10_000_000,,socrata:data.texas.gov:82ee-gbj5
Texas,TX,,23-06248,Remodeling of Existing Structure,,2023-09-05,,2023-09-05,10131478.0,,,75074,,,LI PLANO LLC,,FLEXENTIAL,probable,51.0,Flexential,other,operator:flexential|valuation>=10_000_000,,socrata:data.texas.gov:82ee-gbj5
Texas,TX,,23-4407,Finish Out,,2023-08-25,,2023-08-25,41500000.0,,,75013,,,C1 DALLAS - ALLEN (LOT 1) LLC,,CYRUS ONE,probable,51.0,CyrusOne,other,operator:cyrus one|valuation>=10_000_000,,socrata:data.texas.gov:82ee-gbj5
Texas,TX,,22-6713,Finish Out,,2023-02-02,,2023-02-02,41500000.0,,,75013,,,C1 DALLAS - ALLEN (LOT 1) LLC,,CYRUS ONE,probable,51.0,CyrusOne,other,operator:cyrus one|valuation>=10_000_000,,socrata:data.texas.gov:82ee-gbj5
Austin,TX,AUSTIN FULL PURPOSE,2025-119435 MP,C-1000 Commercial Remodel,Final,2025-10-29,2025-09-08,2025-10-29,,552.0,5505 W PARMER LN BLDG 3,78727,,,,,D3 Mechanical LLC,probable,50.0,,fitout,data_hall,ePlan Review: Remodel Data Hall -1st Floor,socrata:datahub.austintexas.gov:3syk-w9eu
Austin,TX,AUSTIN FULL PURPOSE,2025-119435 EP,C-1000 Commercial Remodel,Final,2025-10-22,2025-09-08,2025-10-22,,552.0,5505 W PARMER LN BLDG 3,78727,,,,,Parker Electric,probable,50.0,,fitout,data_hall,ePlan Review: Remodel Data Hall -1st Floor,socrata:datahub.austintexas.gov:3syk-w9eu
Austin,TX,AUSTIN FULL PURPOSE,2025-119435 BP,C-1000 Commercial Remodel,Final,2025-10-09,2025-09-08,2025-10-09,,552.0,5505 W PARMER LN BLDG 3,78727,,,,Matt Mullen,Novo Construction **Main**,probable,50.0,,fitout,data_hall,ePlan Review: Remodel Data Hall -1st Floor,socrata:datahub.austintexas.gov:3syk-w9eu
Austin,TX,AUSTIN,2025-119435 BP,Building Permit,Final,2025-10-09,2025-09-08,2025-10-09,,,POINT(-97.73545859 30.4359844),78727,30.4359844,-97.73545859,,,,probable,50.0,,fitout,data_hall,ePlan Review: Remodel Data Hall -1st Floor,socrata:datahub.austintexas.gov:quv8-5ckq
Williamson County,TX,,COM24-00218,Remodeling Of Existing Structure,Active,2025-01-28,,2025-01-28,,,"1300 LOUIS HENNA BLVD, ROUND ROCK, TX 78664",,,,,,,probable,50.0,,other,data_hall,UNIT/STE #A// SDC Austin A11 Data Hall//$40000000,socrata:data.wcad.org:fqhf-gyjx
Williamson County,TX,,COM24-00257,Remodeling Of Existing Structure,Active,2024-12-18,,2024-12-18,,,"1300 LOUIS HENNA BLVD, UNIT #1, ROUND ROCK, TX 78664",,,,,,,probable,50.0,,other,data_hall,"UNIT/STE# A // A12 Data Hall TACC - 40,000 Sq Ft//$25000000",socrata:data.wcad.org:fqhf-gyjx
Chicago,IL,,B101052909,PERMIT – EXPRESS PERMIT PROGRAM,COMPLETE,2024-07-18,2024-06-07,2024-07-18,100000.0,,1432 S CLINTON ST,,41.8626202233564,-87.640701140603,,,,probable,50.0,,other,data_hall,"**FIRE ALARM PERMIT**INSTALLATION OF ADDRESSABLE AIR SAMPLING SMOKE DETECTION IN THE 1ST FLOOR ELECTRICAL ROOM. TIE TO EXISTING BUILDING NOTIFIER NFS2-3030 FIRE ALARM SYSTEM. BUILD-OUT OF THIRD FLOOR DATA HALL 300, CORRIDOR & OFFICE SPACE. ELEVATOR RECALL IS EXISTING AND IS NOT PART OF THIS SCOPE",socrata:data.cityofchicago.org:ydr8-5enu
Austin,TX,AUSTIN,2022-071936 BP,Building Permit,Final,2024-03-12,2022-01-12,2024-03-12,,,POINT(-97.71250526 30.19899507),78744,30.19899507,-97.71250526,,,,probable,50.0,,fitout,data_hall,Scope includes interior fir-outs of office space an alteration to an existing Data Hall space and equipment upgrades,socrata:datahub.austintexas.gov:quv8-5ckq
Mesa,AZ,,PMT23-19679,Tenant Improvement (Interior Only),C of C Issued,2024-01-03,,2024-01-03,2000000.0,,3856 S EVERTON TERR,,33.344193,-111.618781,,Hunter West,HOLDER CONSTRUCTION GROUP LLC,probable,50.0,,fitout,data_hall,Building 3. Build out of IDF room within data hall on the second floor. No change of occupancy. DEFERRED FIRE SPRINKLERS. DEFERRED FIRE ALARM.,socrata:citydata.mesaaz.gov:2gkz-7z4f
Texas,TX,,23-10448,Remodeling of Existing Structure,,2023-10-19,,2023-10-19,250000.0,,,75024,,,DFW 3 EXPANSION CONDOMINIUM,,DATA HALL 5,probable,50.0,,expansion,data_hall,,socrata:data.texas.gov:82ee-gbj5
Austin,TX,AUSTIN FULL PURPOSE,2026-011143 BP,C-1000 Commercial Remodel,Expired,2026-02-18,2026-01-12,2026-02-18,,100.0,853 AIRPORT BLVD,78721,,,,Antonio Moreno,JHC Ventures LLC,probable,45.0,,fitout,colocation,QT Upgrade AT&T equipment on an existing colocation self support tower.,socrata:datahub.austintexas.gov:3syk-w9eu
Austin,TX,AUSTIN,2026-011143 BP,Building Permit,Expired,2026-02-18,2026-01-12,2026-02-18,,,POINT(-97.69314741 30.25898146),78721,30.25898146,-97.69314741,,,,probable,45.0,,fitout,colocation,QT Upgrade AT&T equipment on an existing colocation self support tower.,socrata:datahub.austintexas.gov:quv8-5ckq
Austin,TX,AUSTIN FULL PURPOSE,2025-157796 BP,C-1000 Commercial Remodel,Expired,2025-12-15,2025-12-11,2025-12-15,,100.0,3625 1/2 LAKE AUSTIN BLVD,78703,30.29316806,-97.78400928,,Antonio Moreno,JHC Ventures LLC,probable,45.0,,fitout,colocation,QT - Upgrade AT&T equipment on an existing colocation self support cell phone tower.,socrata:datahub.austintexas.gov:3syk-w9eu
Austin,TX,AUSTIN,2025-157796 BP,Building Permit,Expired,2025-12-15,2025-12-11,2025-12-15,,,POINT(-97.78400928 30.29316806),78703,30.29316806,-97.78400928,,,,probable,45.0,,fitout,colocation,QT - Upgrade AT&T equipment on an existing colocation self support cell phone tower.,socrata:datahub.austintexas.gov:quv8-5ckq
Austin,TX,AUSTIN FULL PURPOSE,2025-150926 BP,C- 329 Com Structures Other Than Bldg,Active,2025-12-08,2025-11-18,2025-12-08,35000.0,,8317 CROSS PARK DR,78754,30.33625029,-97.67119625,,Maria Medina-Esparza,OFG Telecom USA LLC,probable,45.0,,other,colocation,Upgrade AT&T equipment on an existing colocation rooftop,socrata:datahub.austintexas.gov:3syk-w9eu
Austin,TX,AUSTIN,2025-150926 BP,Building Permit,Active,2025-12-08,2025-11-18,2025-12-08,35000.0,,POINT(-97.67119625 30.33625029),78754,30.33625029,-97.67119625,,,,probable,45.0,,other,colocation,Upgrade AT&T equipment on an existing colocation rooftop,socrata:datahub.austintexas.gov:quv8-5ckq
Austin,TX,AUSTIN FULL PURPOSE,2025-134366 BP,C-1001 Commercial Finish Out,Active,2025-10-22,2025-10-14,2025-10-22,,100.0,4400 STAGGERBRUSH RD,78749,30.23363088,-97.83278071,,Antonio Moreno,JHC Ventures LLC,probable,45.0,,fitout,colocation,Upgrade ATT equipment on an existing colocation self support tower,socrata:datahub.austintexas.gov:3syk-w9eu
Austin,TX,AUSTIN,2025-134366 BP,Building Permit,Active,2025-10-22,2025-10-14,2025-10-22,,,POINT(-97.83278071 30.23363088),78749,30.23363088,-97.83278071,,,,probable,45.0,,other,colocation,Upgrade ATT equipment on an existing colocation self support tower,socrata:datahub.austintexas.gov:quv8-5ckq
Austin,TX,AUSTIN FULL PURPOSE,2025-106488 BP,C- 329 Com Structures Other Than Bldg,Expired,2025-09-04,2025-08-04,2025-09-04,35000.0,,2801 VIA FORTUNA,78746,30.25205804,-97.79989856,,Antonio Moreno,JHC Ventures LLC,probable,45.0,,other,colocation,Upgrade AT&T cell phone equipment on an existing colocation rooftop.,socrata:datahub.austintexas.gov:3syk-w9eu
Austin,TX,AUSTIN,2025-106488 BP,Building Permit,Expired,2025-09-04,2025-08-04,2025-09-04,35000.0,,POINT(-97.79989856 30.25205804),78746,30.25205804,-97.79989856,,,,probable,45.0,,other,colocation,Upgrade AT&T cell phone equipment on an existing colocation rooftop.,socrata:datahub.austintexas.gov:quv8-5ckq
Austin,TX,AUSTIN,2024-143672 BP,Building Permit,Expired,2025-03-07,2024-10-16,2025-03-07,,,POINT(-97.70342018 30.35582408),78758,30.35582408,-97.70342018,,,,probable,45.0,,fitout,colocation,colocation of new carrier AT&T to existing Crown Castle telecommunications tower to include installation of antennas and associated equipment to tower and installation of ice bridge concrete pads and equipment platform for equipment cabinets and inst,socrata:datahub.austintexas.gov:quv8-5ckq
Austin,TX,AUSTIN FULL PURPOSE,2024-145451 BP,C-1000 Commercial Remodel,Expired,2024-11-07,2024-10-28,2024-11-07,,100.0,5407 N IH 35 SVRD NB,78723,30.31427528,-97.70695864,,Steven James,TSC Construction,probable,45.0,,fitout,colocation,UPGRADE AT&T COMMUNICATIONS EQUIPMENT ON AN EXISTING COLOCATION ROOFTOP.,socrata:datahub.austintexas.gov:3syk-w9eu
Austin,TX,AUSTIN,2024-145451 BP,Building Permit,Expired,2024-11-07,2024-10-28,2024-11-07,,,POINT(-97.70695864 30.31427528),78723,30.31427528,-97.70695864,,,,probable,45.0,,fitout,colocation,UPGRADE AT&T COMMUNICATIONS EQUIPMENT ON AN EXISTING COLOCATION ROOFTOP.,socrata:datahub.austintexas.gov:quv8-5ckq
Austin,TX,AUSTIN FULL PURPOSE,2024-128539 BP,C-1000 Commercial Remodel,Active,2024-09-24,2024-09-13,2024-09-24,,100.0,2323 1/2 SAN ANTONIO ST,78705,30.28724636,-97.74244081,,Steven James,TSC Construction,probable,45.0,,fitout,colocation,UPGRADE AT&T COMMUNICATIONS EQUIPMENT ON AN EXISTING COLOCATION ROOFTOP 2024 103535 DA - Approved,socrata:datahub.austintexas.gov:3syk-w9eu
Austin,TX,AUSTIN,2024-128539 BP,Building Permit,Active,2024-09-24,2024-09-13,2024-09-24,,,POINT(-97.74244081 30.28724636),78705,30.28724636,-97.74244081,,,,probable,45.0,,fitout,colocation,UPGRADE AT&T COMMUNICATIONS EQUIPMENT ON AN EXISTING COLOCATION ROOFTOP 2024 103535 DA - Approved,socrata:datahub.austintexas.gov:quv8-5ckq
Austin,TX,AUSTIN FULL PURPOSE,2024-128841 BP,C-1000 Commercial Remodel,Active,2024-09-23,2024-09-13,2024-09-23,,100.0,1122 1/2 COLORADO ST,78701,30.274121,-97.74281208,,Steven James,TSC Construction,probable,45.0,,fitout,colocation,UPGRADE AT&T COMMUNICATIONS EQUIPMENT ON AN EXISTING COLOCATION GARAGE ROOFTOP 2024 108652 DA - Approved,socrata:datahub.austintexas.gov:3syk-w9eu
Austin,TX,AUSTIN,2024-128841 BP,Building Permit,Active,2024-09-23,2024-09-13,2024-09-23,,,POINT(-97.74281208 30.274121),78701,30.274121,-97.74281208,,,,probable,45.0,,fitout,colocation,UPGRADE AT&T COMMUNICATIONS EQUIPMENT ON AN EXISTING COLOCATION GARAGE ROOFTOP 2024 108652 DA - Approved,socrata:datahub.austintexas.gov:quv8-5ckq
Austin,TX,AUSTIN FULL PURPOSE,2024-059847 EP,C-1000 Commercial Remodel,Expired,2024-07-21,2024-02-16,2024-07-21,,10.0,1209 1/2 E BRAKER LN UNIT A,78753,,,,,C2 Electric LLC,probable,45.0,,expansion,colocation|generators|veto_wireless,Colocation of Antennas on Existing Cell Tower Addition of Ancillary Equipment Install Back Up Generator with Leased Area,socrata:datahub.austintexas.gov:3syk-w9eu
Chicago,IL,,B200021125,PERMIT – EXPRESS PERMIT PROGRAM,SUSPENDED,2024-07-16,2024-06-24,2024-07-16,50000.0,,600 E GRAND AVE,,41.892094136861786,-87.61156988394656,,,,probable,45.0,,fitout,colocation,ALTERATION OF EXISTING COMMUNICATION EQUIPMENT. ALTERATION OF 2 BOXES AND EQUIPMENT ON 1 TOWERS / STRUCTURES. LOCATION: ROOF TOP COLOCATION EXISTING ANTENNA SWAP.,socrata:data.cityofchicago.org:ydr8-5enu
Austin,TX,AUSTIN FULL PURPOSE,2024-059847 BP,C-1000 Commercial Remodel,Expired,2024-05-15,2024-02-16,2024-05-15,,10.0,1209 1/2 E BRAKER LN UNIT A,78753,,,,Don Cherry,MasTec Network Solutions,probable,45.0,,expansion,colocation|generators|veto_wireless,Colocation of Antennas on Existing Cell Tower Addition of Ancillary Equipment Install Back Up Generator with Leased Area,socrata:datahub.austintexas.gov:3syk-w9eu
Austin,TX,AUSTIN,2024-059847 BP,Building Permit,Expired,2024-05-15,2024-02-16,2024-05-15,,,POINT(-97.66776522 30.3732103),78753,30.3732103,-97.66776522,,,,probable,45.0,,expansion,colocation|generators|veto_wireless,Colocation of Antennas on Existing Cell Tower Addition of Ancillary Equipment Install Back Up Generator with Leased Area,socrata:datahub.austintexas.gov:quv8-5ckq
Chicago,IL,,B101031477,PERMIT – EXPRESS PERMIT PROGRAM,COMPLETE,2023-09-13,2023-09-13,2023-09-13,1.0,,840 S CANAL ST,,41.870881086303676,-87.63946028564607,,,,probable,45.0,,other,server_farm,"ELECTRICAL MAINTENANCE FOR FLOORS OCCUPIED BY SERVER FARM FOR THE MONTH OF OCTOBER, 2023.",socrata:data.cityofchicago.org:ydr8-5enu
Chicago,IL,,B101031480,PERMIT – EXPRESS PERMIT PROGRAM,COMPLETE,2023-09-13,2023-09-13,2023-09-13,1.0,,840 S CANAL ST,,41.870881086303676,-87.63946028564607,,,,probable,45.0,,other,server_farm,"ELECTRICAL MAINTENANCE FOR FLOORS OCCUPIED BY SERVER FARM FOR THE MONTH OF NOVEMBER, 2023.",socrata:data.cityofchicago.org:ydr8-5enu
Chicago,IL,,B101031486,PERMIT – EXPRESS PERMIT PROGRAM,COMPLETE,2023-09-13,2023-09-13,2023-09-13,1.0,,840 S CANAL ST,,41.870881086303676,-87.63946028564607,,,,probable,45.0,,other,server_farm,"ELECTRICAL MAINTENANCE FOR FLOORS OCCUPIED BY SERVER FARM FOR THE MONTH OF DECEMBER, 2023.",socrata:data.cityofchicago.org:ydr8-5enu
Chicago,IL,,101028754,PERMIT - SIGNS,,2023-08-28,2023-08-22,2023-08-28,3600.0,,820 S CANAL ST,,41.87146035545103,-87.63947916671918,,,,probable,45.0,,other,server_farm,INSTALLATION OF (1) SET OF INTERNALLY ILLUMINATED CHANNEL LETTERS AND LOGO READING (LOGO) SERVER FARM,socrata:data.cityofchicago.org:ydr8-5enu
Chicago,IL,,B101021118,PERMIT – EXPRESS PERMIT PROGRAM,COMPLETE,2023-06-20,2023-06-20,2023-06-20,1.0,,840 S CANAL ST,,41.870881086303676,-87.63946028564607,,,,probable,45.0,,other,server_farm,"ELECTRICAL MAINTENANCE FOR FLOORS OCCUPIED BY SERVER FARM FOR THE MONTH OF JULY, 2023.",socrata:data.cityofchicago.org:ydr8-5enu
Chicago,IL,,B101021128,PERMIT – EXPRESS PERMIT PROGRAM,COMPLETE,2023-06-20,2023-06-20,2023-06-20,1.0,,840 S CANAL ST,,41.870881086303676,-87.63946028564607,,,,probable,45.0,,other,server_farm,"ELECTRICAL MAINTENANCE FOR FLOORS OCCUPIED BY SERVER FARM FOR THE MONTH OF AUGUST, 2023.",socrata:data.cityofchicago.org:ydr8-5enu
Chicago,IL,,B101021140,PERMIT – EXPRESS PERMIT PROGRAM,COMPLETE,2023-06-20,2023-06-20,2023-06-20,1.0,,840 S CANAL ST,,41.870881086303676,-87.63946028564607,,,,probable,45.0,,other,server_farm,"ELECTRICAL MAINTENANCE FOR FLOORS OCCUPIED BY SERVER FARM FOR THE MONTH OF SEPTEMBER, 2023.",socrata:data.cityofchicago.org:ydr8-5enu
Chicago,IL,,B101009363,PERMIT – EXPRESS PERMIT PROGRAM,COMPLETE,2023-03-17,2023-03-17,2023-03-17,1.0,,840 S CANAL ST,,41.870881086303676,-87.63946028564607,,,,probable,45.0,,other,server_farm,"ELECTRICAL MAINTENANCE FOR FLOORS OCCUPIED BY SERVER FARM FOR THE MONTH OF APRIL, 2023.",socrata:data.cityofchicago.org:ydr8-5enu
Chicago,IL,,B101009370,PERMIT – EXPRESS PERMIT PROGRAM,COMPLETE,2023-03-17,2023-03-17,2023-03-17,1.0,,840 S CANAL ST,,41.870881086303676,-87.63946028564607,,,,probable,45.0,,other,server_farm,"ELECTRICAL MAINTENANCE FOR FLOORS OCCUPIED BY SERVER FARM FOR THE MONTH OF MAY, 2023.",socrata:data.cityofchicago.org:ydr8-5enu
Chicago,IL,,B101009387,PERMIT – EXPRESS PERMIT PROGRAM,COMPLETE,2023-03-17,2023-03-17,2023-03-17,1.0,,840 S CANAL ST,,41.870881086303676,-87.63946028564607,,,,probable,45.0,,other,server_farm,"ELECTRICAL MAINTENANCE FOR FLOORS OCCUPIED BY SERVER FARM FOR THE MONTH OF JUNE, 2023",socrata:data.cityofchicago.org:ydr8-5enu
Chicago,IL,,B101001422,PERMIT – EXPRESS PERMIT PROGRAM,COMPLETE,2023-01-05,2023-01-05,2023-01-05,1.0,,840 S CANAL ST,,41.870881086303676,-87.63946028564607,,,,probable,45.0,,other,server_farm,"ELECTRICAL MAINTENANCE FOR FLOORS OCCUPIED BY SERVER FARM FOR THE MONTH OF JANUARY, 2023.",socrata:data.cityofchicago.org:ydr8-5enu
Chicago,IL,,B101001428,PERMIT – EXPRESS PERMIT PROGRAM,COMPLETE,2023-01-05,2023-01-05,2023-01-05,1.0,,840 S CANAL ST,,41.870881086303676,-87.63946028564607,,,,probable,45.0,,other,server_farm,"ELECTRICAL MAINTENANCE FOR FLOORS OCCUPIED BY SERVER FARM FOR THE MONTH OF FEBRUARY, 2023.",socrata:data.cityofchicago.org:ydr8-5enu
Chicago,IL,,B101001430,PERMIT – EXPRESS PERMIT PROGRAM,COMPLETE,2023-01-05,2023-01-05,2023-01-05,1.0,,840 S CANAL ST,,41.870881086303676,-87.63946028564607,,,,probable,45.0,,other,server_farm,"ELECTRICAL MAINTENANCE FOR FLOORS OCCUPIED BY SERVER FARM FOR THE MONTH OF MARCH, 2023",socrata:data.cityofchicago.org:ydr8-5enu
Austin,TX,AUSTIN 2 MILE ETJ,2022-146921 EP,Commercial,Final,2022-10-14,2022-09-27,2022-10-14,,,5319 1/2 BUCKMAN MOUNTAIN RD UNIT C,78746,30.32325776,-97.79988689,,,,probable,45.0,,expansion,colocation,NEW SERVICE FOR ADDITION OF T-MOBILE COLOCATION TO EXISTING TOWER,socrata:datahub.austintexas.gov:3syk-w9eu
Chicago,IL,,B100990240,PERMIT – EXPRESS PERMIT PROGRAM,COMPLETE,2022-09-27,2022-09-27,2022-09-27,1.0,,840 S CANAL ST,,41.870881086303676,-87.63946028564607,,,,probable,45.0,,other,server_farm,"ELECTRICAL MAINTENANCE FOR FLOORS OCCUPIED BY SERVER FARM FOR THE MONTH OF DECEMBER, 2022.",socrata:data.cityofchicago.org:ydr8-5enu
